-- phpMyAdmin SQL Dump
-- version 4.6.5.2
-- https://www.phpmyadmin.net/
--
-- Хост: 127.0.0.1:3306
-- Время создания: Окт 18 2017 г., 12:28
-- Версия сервера: 5.7.16
-- Версия PHP: 5.6.29

SET SQL_MODE = "NO_AUTO_VALUE_ON_ZERO";
SET time_zone = "+00:00";


/*!40101 SET @OLD_CHARACTER_SET_CLIENT=@@CHARACTER_SET_CLIENT */;
/*!40101 SET @OLD_CHARACTER_SET_RESULTS=@@CHARACTER_SET_RESULTS */;
/*!40101 SET @OLD_COLLATION_CONNECTION=@@COLLATION_CONNECTION */;
/*!40101 SET NAMES utf8mb4 */;

--
-- База данных: `modul-4-2`
--

-- --------------------------------------------------------

--
-- Структура таблицы `articles`
--

CREATE TABLE `articles` (
  `id` int(10) UNSIGNED NOT NULL,
  `title` varchar(255) DEFAULT NULL,
  `description` text,
  `author` varchar(255) DEFAULT NULL,
  `text` text,
  `is_published` tinyint(3) UNSIGNED NOT NULL DEFAULT '0',
  `date_created` varchar(255) DEFAULT NULL,
  `date_published` varchar(255) DEFAULT NULL,
  `tags` text,
  `category` varchar(255) DEFAULT NULL,
  `visited` int(10) UNSIGNED NOT NULL DEFAULT '0',
  `comments_count` int(5) UNSIGNED NOT NULL DEFAULT '0',
  `price` float UNSIGNED DEFAULT NULL,
  `action_type` varchar(255) DEFAULT NULL,
  `action_price` float DEFAULT NULL
) ENGINE=InnoDB DEFAULT CHARSET=utf8;

--
-- Дамп данных таблицы `articles`
--

INSERT INTO `articles` (`id`, `title`, `description`, `author`, `text`, `is_published`, `date_created`, `date_published`, `tags`, `category`, `visited`, `comments_count`, `price`, `action_type`, `action_price`) VALUES
(692, 'Product_1', 'Varius curae consectetur metus mollis adipiscing finibus', 'Consectetur Elementum', '', 1, '2017-07-24 11:18:58', '2017-07-24 11:18:58', 'nulla accumsan', NULL, 25, 11, 15800, 'other', -10),
(693, 'Product_2', 'Cubilia vestibulum magna morbi convallis curae consectetur gravida consectetur faucibus', 'Cubilia Tristique', '', 1, '2017-10-04 12:21:15', '2017-10-04 12:21:15', 'convallis', NULL, 18, 11, 23200, 'discounts', -20),
(694, 'Product_3', 'Laoreet egestas mauris aliquam nulla dolor felis faucibus', 'Ultrices Dolor', '', 1, '2017-09-14 04:27:19', '2017-09-14 04:27:19', 'nulla ultrices', NULL, 8, 3, 1500, 'markdown', -15),
(695, 'Product_4', 'Tristique condimentum tortor risus laoreet fermentum accumsan gravida', 'Faucibus Risus', '', 1, '2017-08-04 11:19:46', '2017-08-04 11:19:46', 'curae', NULL, 39, 10, 10200, 'other', -30),
(696, 'Product_5', 'Posuere consectetur elementum mauris mauris vestibulum ipsum feugiat efficitur mollis', 'Lorem Mauris', '', 1, '2017-09-11 05:37:37', '2017-09-11 05:37:37', 'ipsum', NULL, 17, 7, 19900, 'markdown', -5),
(697, 'Product_6', 'Ultrices mollis pretium laoreet felis nulla dolor egestas convallis', 'Finibus Consectetur', '', 1, '2017-09-23 08:38:26', '2017-09-23 08:38:26', 'luctus adipiscing', NULL, 14, 7, 10400, 'sale', -15),
(698, 'Product_7', 'Metus ultrices fermentum laoreet primis consectetur fermentum faucibus fermentum fermentum', 'Vestibulum Risus', '', 1, '2017-10-12 09:13:18', '2017-10-12 09:13:18', 'fermentum gravida', NULL, 28, 4, 10100, 'sale', -15),
(699, 'Product_8', 'Convallis curae faucibus mauris libero pretium mollis', 'Purus Luctus', '', 1, '2017-08-31 12:49:33', '2017-08-31 12:49:33', 'posuere', NULL, 29, 0, 20000, 'discounts', -20),
(700, 'Product_9', 'Consectetur condimentum egestas condimentum dolor finibus metus egestas cubilia accumsan', 'Risus Mauris', '', 1, '2017-08-17 07:30:54', '2017-08-17 07:30:54', 'faucibus laoreet', NULL, 20, 7, 5200, 'other', -25),
(701, 'Product_10', 'Fermentum laoreet libero felis vestibulum purus vestibulum ipsum', 'Finibus Purus', '', 1, '2017-09-11 08:16:24', '2017-09-11 08:16:24', 'luctus mollis', NULL, 5, 7, 3300, 'other', -35),
(702, 'Product_11', 'Suscipit ultrices lorem vestibulum accumsan efficitur convallis dolor nulla metus', 'Maecenas Gravida', '', 1, '2017-07-21 08:38:04', '2017-07-21 08:38:04', 'risus metus', NULL, 31, 8, 26900, 'discounts', -15),
(703, 'Product_12', 'Posuere curae curae felis luctus metus finibus quisque faucibus posuere', 'Faucibus Vestibulum', '', 1, '2017-07-21 05:53:26', '2017-07-21 05:53:26', 'vestibulum', NULL, 42, 3, 13100, 'sale', -40),
(704, 'Product_13', 'Egestas mollis magna faucibus suscipit felis tristique primis purus condimentum', 'Faucibus Purus', '', 1, '2017-08-29 07:18:25', '2017-08-29 07:18:25', 'accumsan felis', NULL, 34, 3, 29000, 'markdown', -40),
(705, 'Product_14', 'Dolor dolor dolor suscipit vestibulum mollis nulla curae tristique ultrices', 'Efficitur Morbi', '', 1, '2017-10-08 05:28:38', '2017-10-08 05:28:38', 'fermentum', NULL, 42, 7, 8600, 'markdown', -35),
(706, 'Product_15', 'Consectetur nulla facilisi laoreet tristique aliquam cubilia', 'Posuere Finibus', '', 1, '2017-09-07 04:55:19', '2017-09-07 04:55:19', 'suscipit', NULL, 31, 0, 10700, 'markdown', -25),
(707, 'Product_16', 'Pretium maecenas elementum magna vestibulum consectetur efficitur', 'Consectetur Pretium', '', 1, '2017-07-25 12:20:29', '2017-07-25 12:20:29', 'pretium', NULL, 8, 0, 8500, 'markdown', -40),
(708, 'Product_17', 'Lorem ipsum libero metus ipsum luctus feugiat mauris', 'Purus Feugiat', '', 1, '2017-07-26 09:11:36', '2017-07-26 09:11:36', 'metus libero', NULL, 36, 6, 17400, 'other', -25),
(709, 'Product_18', 'Feugiat suscipit fermentum maecenas consectetur mollis finibus feugiat consectetur', 'Quisque Mauris', '', 1, '2017-08-20 03:16:15', '2017-08-20 03:16:15', 'laoreet finibus', NULL, 41, 7, 21900, 'sale', -40),
(710, 'Product_19', 'Magna libero luctus risus luctus dolor faucibus faucibus purus faucibus', 'Dolor Pretium', '', 1, '2017-10-15 06:50:11', '2017-10-15 06:50:11', 'ipsum faucibus', NULL, 10, 11, 11900, 'sale', -40),
(711, 'Product_20', 'Felis tincidunt mauris feugiat faucibus egestas tincidunt magna fermentum', 'Vestibulum Luctus', '', 1, '2017-08-31 11:43:40', '2017-08-31 11:43:40', 'consectetur', NULL, 4, 10, 4400, 'discounts', -5),
(712, 'Product_21', 'Tortor quisque faucibus magna felis mollis tristique risus', 'Faucibus Faucibus', '', 1, '2017-09-17 05:57:18', '2017-09-17 05:57:18', 'fermentum nulla', NULL, 17, 4, 13400, 'other', -40),
(713, 'Product_22', 'Felis risus pretium tristique mollis accumsan convallis mauris pretium finibus', 'Quisque Consectetur', '', 1, '2017-08-30 10:56:52', '2017-08-30 10:56:52', 'dolor', NULL, 39, 4, 28300, 'discounts', -15),
(714, 'Product_23', 'Maecenas vestibulum fermentum tristique tincidunt posuere mauris', 'Vestibulum Fermentum', '', 1, '2017-08-01 05:31:53', '2017-08-01 05:31:53', 'suscipit lorem', NULL, 30, 4, 21300, 'markdown', -20),
(715, 'Product_24', 'Vestibulum tincidunt finibus finibus curae consectetur pretium purus egestas elementum', 'Varius Luctus', '', 1, '2017-09-20 12:12:03', '2017-09-20 12:12:03', 'primis', NULL, 30, 9, 12800, 'other', -20),
(716, 'Product_25', 'Magna nulla faucibus gravida dolor consectetur accumsan', 'Ultrices Felis', '', 1, '2017-08-13 09:49:36', '2017-08-13 09:49:36', 'tortor', NULL, 40, 10, 23000, 'sale', -25),
(717, 'Product_26', 'Primis maecenas aliquam magna finibus posuere tristique morbi ipsum', 'Consectetur Posuere', '', 1, '2017-08-28 03:26:11', '2017-08-28 03:26:11', 'faucibus mollis', NULL, 12, 3, 28100, 'discounts', -30),
(718, 'Product_27', 'Vestibulum mollis elementum finibus feugiat ipsum vestibulum luctus dolor tristique', 'Accumsan Magna', '', 1, '2017-10-18 12:28:47', '2017-10-18 12:28:47', 'consectetur primis', NULL, 4, 3, 9600, 'markdown', -5),
(719, 'Product_28', 'Finibus varius condimentum tincidunt laoreet cubilia egestas morbi ultrices', 'Curae Posuere', '', 1, '2017-09-22 08:41:03', '2017-09-22 08:41:03', 'laoreet', NULL, 25, 4, 11900, 'discounts', -20),
(720, 'Product_29', 'Tortor purus ipsum maecenas feugiat faucibus purus nulla dolor faucibus', 'Mauris Ipsum', '', 1, '2017-09-10 07:16:58', '2017-09-10 07:16:58', 'pretium vestibulum', NULL, 33, 12, 15600, 'markdown', -40),
(721, 'Product_30', 'Primis felis curae tincidunt faucibus ipsum faucibus faucibus facilisi', 'Condimentum Tortor', '', 1, '2017-09-27 10:41:49', '2017-09-27 10:41:49', 'lorem', NULL, 38, 15, 24700, 'other', -30),
(722, 'Product_31', 'Metus fermentum ipsum pretium risus elementum tortor condimentum', 'Fermentum Dolor', '', 1, '2017-08-28 12:23:46', '2017-08-28 12:23:46', 'varius', NULL, 0, 7, 25100, 'other', -20),
(723, 'Product_32', 'Mollis purus fermentum dolor maecenas mollis finibus ipsum gravida', 'Felis Faucibus', '', 1, '2017-09-13 05:48:15', '2017-09-13 05:48:15', 'primis', NULL, 9, 3, 13900, 'sale', -20),
(724, 'Product_33', 'Faucibus mauris mauris morbi gravida elementum faucibus maecenas ultrices', 'Mauris Vestibulum', '', 1, '2017-09-16 12:01:11', '2017-09-16 12:01:11', 'efficitur pretium', NULL, 0, 10, 5500, 'sale', -30),
(725, 'Product_34', 'Finibus varius elementum cubilia libero luctus faucibus efficitur tincidunt', 'Accumsan Feugiat', '', 1, '2017-09-23 07:27:02', '2017-09-23 07:27:02', 'mollis ultrices', NULL, 16, 6, 2200, 'sale', -5),
(726, 'Product_35', 'Cubilia consectetur tortor feugiat condimentum varius metus primis fermentum quisque', 'Metus Gravida', '', 1, '2017-09-07 10:46:16', '2017-09-07 10:46:16', 'fermentum gravida', NULL, 20, 4, 3700, 'markdown', -5),
(727, 'Product_36', 'Facilisi feugiat primis condimentum efficitur felis ultrices', 'Condimentum Efficitur', '', 1, '2017-07-30 05:17:30', '2017-07-30 05:17:30', 'ipsum tortor', NULL, 36, 3, 8100, 'markdown', -40),
(728, 'Product_37', 'Faucibus posuere felis metus dolor magna primis', 'Faucibus Libero', '', 1, '2017-09-10 10:26:56', '2017-09-10 10:26:56', 'accumsan faucibus', NULL, 13, 14, 24100, 'markdown', -15),
(729, 'Product_38', 'Metus consectetur elementum cubilia dolor efficitur faucibus', 'Consectetur Posuere', '', 1, '2017-10-07 04:07:44', '2017-10-07 04:07:44', 'ultrices', NULL, 31, 7, 16900, 'markdown', -40),
(730, 'Product_39', 'Tortor condimentum cubilia faucibus faucibus felis primis faucibus elementum', 'Vestibulum Quisque', '', 1, '2017-07-29 11:06:12', '2017-07-29 11:06:12', 'posuere', NULL, 43, 11, 18700, 'sale', -15),
(731, 'Product_40', 'Felis primis egestas finibus mollis felis primis laoreet mauris fermentum', 'Consectetur Feugiat', '', 1, '2017-08-19 01:26:44', '2017-08-19 01:26:44', 'nulla', NULL, 28, 12, 26100, 'sale', -35),
(732, 'Product_41', 'Gravida felis curae maecenas consectetur curae morbi', 'Elementum Cubilia', '', 1, '2017-09-22 05:54:16', '2017-09-22 05:54:16', 'facilisi', NULL, 22, 3, 3800, 'markdown', -25),
(733, 'Product_42', 'Metus efficitur vestibulum metus adipiscing tortor suscipit', 'Pretium Feugiat', '', 1, '2017-07-31 08:31:57', '2017-07-31 08:31:57', 'fermentum mollis', NULL, 44, 9, 20900, 'markdown', -5),
(734, 'Product_43', 'Magna quisque finibus finibus pretium maecenas finibus', 'Suscipit Finibus', '', 1, '2017-08-26 01:23:54', '2017-08-26 01:23:54', 'finibus magna', NULL, 43, 10, 1300, 'discounts', -40),
(735, 'Product_44', 'Finibus luctus mauris consectetur efficitur magna metus nulla metus', 'Egestas Cubilia', '', 1, '2017-08-16 04:36:17', '2017-08-16 04:36:17', 'accumsan', NULL, 17, 3, 19000, 'markdown', -15),
(736, 'Product_45', 'Purus dolor dolor maecenas nulla primis posuere', 'Felis Metus', '', 1, '2017-08-02 08:28:24', '2017-08-02 08:28:24', 'pretium', NULL, 7, 10, 6300, 'markdown', -25),
(737, 'Product_46', 'Feugiat ipsum faucibus curae maecenas faucibus luctus morbi', 'Fermentum Vestibulum', '', 1, '2017-09-30 06:32:17', '2017-09-30 06:32:17', 'faucibus ipsum', NULL, 31, 3, 7100, 'discounts', -25),
(738, 'Product_47', 'Laoreet facilisi tristique faucibus nulla ipsum condimentum', 'Tortor Consectetur', '', 1, '2017-08-19 02:22:48', '2017-08-19 02:22:48', 'faucibus', NULL, 6, 11, 9400, 'other', -30),
(739, 'Product_48', 'Fermentum faucibus varius varius pretium adipiscing ipsum finibus mollis quisque', 'Posuere Luctus', '', 1, '2017-07-30 11:39:36', '2017-07-30 11:39:36', 'mollis finibus', NULL, 19, 3, 8800, 'markdown', -15),
(740, 'Product_49', 'Mauris dolor curae metus condimentum elementum fermentum lorem magna condimentum', 'Mollis Lorem', '', 1, '2017-09-19 04:41:38', '2017-09-19 04:41:38', 'facilisi', NULL, 17, 7, 7500, 'markdown', -40),
(741, 'Product_50', 'Nulla vestibulum fermentum metus luctus tortor faucibus dolor egestas', 'Laoreet Elementum', '', 1, '2017-10-08 11:28:35', '2017-10-08 11:28:35', 'mollis', NULL, 49, 7, 5200, 'markdown', -10);

-- --------------------------------------------------------

--
-- Структура таблицы `banners`
--

CREATE TABLE `banners` (
  `id` int(10) UNSIGNED NOT NULL,
  `name` varchar(255) NOT NULL,
  `price` tinyint(3) UNSIGNED NOT NULL,
  `firm` varchar(255) NOT NULL,
  `image_name` varchar(255) NOT NULL,
  `code_discaunt` varchar(255) NOT NULL,
  `discaunt_percent` tinyint(3) UNSIGNED NOT NULL,
  `position` varchar(255) NOT NULL
) ENGINE=InnoDB DEFAULT CHARSET=utf8;

-- --------------------------------------------------------

--
-- Структура таблицы `categories`
--

CREATE TABLE `categories` (
  `id` int(10) UNSIGNED NOT NULL,
  `parent_id` int(10) UNSIGNED NOT NULL DEFAULT '0',
  `category_name` varchar(255) NOT NULL,
  `displayed` tinyint(3) UNSIGNED NOT NULL DEFAULT '1'
) ENGINE=InnoDB DEFAULT CHARSET=utf8;

--
-- Дамп данных таблицы `categories`
--

INSERT INTO `categories` (`id`, `parent_id`, `category_name`, `displayed`) VALUES
(63, 0, 'Категория-1', 1),
(64, 0, 'Категория-2', 1),
(65, 0, 'Категория-3', 1),
(66, 0, 'Категория-4', 1),
(67, 0, 'Категория-5', 1),
(68, 63, 'Подкатегория-1-1', 1),
(69, 63, 'Подкатегория-1-2', 1),
(70, 63, 'Подкатегория-1-3', 1),
(71, 64, 'Подкатегория-2-1', 1),
(72, 64, 'Подкатегория-2-2', 1),
(73, 69, 'Подкатегория-1-2-1', 1),
(74, 69, 'Подкатегория-1-2-2', 1),
(75, 65, 'Подкатегория-3-1', 1),
(76, 65, 'Подкатегория-3-2', 1),
(77, 66, 'Подкатегория-4-1', 1),
(78, 66, 'Подкатегория-4-2', 1),
(79, 67, 'Подкатегория-5-1', 1),
(80, 67, 'Подкатегория-5-2', 1);

-- --------------------------------------------------------

--
-- Структура таблицы `categories_of_article`
--

CREATE TABLE `categories_of_article` (
  `id_article` int(10) UNSIGNED NOT NULL,
  `id_category` int(10) UNSIGNED NOT NULL
) ENGINE=InnoDB DEFAULT CHARSET=utf8;

--
-- Дамп данных таблицы `categories_of_article`
--

INSERT INTO `categories_of_article` (`id_article`, `id_category`) VALUES
(692, 74),
(692, 74),
(692, 69),
(692, 63),
(692, 72),
(692, 72),
(692, 64),
(692, 72),
(692, 72),
(692, 64),
(692, 70),
(692, 70),
(692, 63),
(692, 67),
(692, 67),
(693, 68),
(693, 68),
(693, 63),
(693, 75),
(693, 75),
(693, 65),
(693, 67),
(693, 67),
(693, 71),
(693, 71),
(693, 64),
(693, 79),
(693, 79),
(693, 67),
(694, 74),
(694, 74),
(694, 69),
(694, 63),
(694, 75),
(694, 75),
(694, 65),
(694, 78),
(694, 78),
(694, 66),
(694, 67),
(694, 67),
(694, 63),
(694, 63),
(695, 71),
(695, 71),
(695, 64),
(695, 78),
(695, 78),
(695, 66),
(695, 79),
(695, 79),
(695, 67),
(695, 67),
(695, 67),
(695, 65),
(695, 65),
(696, 66),
(696, 66),
(696, 70),
(696, 70),
(696, 63),
(696, 72),
(696, 72),
(696, 64),
(696, 77),
(696, 77),
(696, 66),
(696, 67),
(696, 67),
(697, 69),
(697, 69),
(697, 63),
(697, 74),
(697, 74),
(697, 69),
(697, 63),
(697, 66),
(697, 66),
(697, 74),
(697, 74),
(697, 69),
(697, 63),
(697, 64),
(697, 64),
(698, 69),
(698, 69),
(698, 63),
(698, 79),
(698, 79),
(698, 67),
(698, 77),
(698, 77),
(698, 66),
(698, 70),
(698, 70),
(698, 63),
(698, 77),
(698, 77),
(698, 66),
(699, 72),
(699, 72),
(699, 64),
(699, 72),
(699, 72),
(699, 64),
(699, 66),
(699, 66),
(699, 80),
(699, 80),
(699, 67),
(699, 78),
(699, 78),
(699, 66),
(700, 68),
(700, 68),
(700, 63),
(700, 77),
(700, 77),
(700, 66),
(700, 73),
(700, 73),
(700, 69),
(700, 63),
(700, 78),
(700, 78),
(700, 66),
(700, 73),
(700, 73),
(700, 69),
(700, 63),
(701, 75),
(701, 75),
(701, 65),
(701, 71),
(701, 71),
(701, 64),
(701, 75),
(701, 75),
(701, 65),
(701, 74),
(701, 74),
(701, 69),
(701, 63),
(701, 80),
(701, 80),
(701, 67),
(702, 67),
(702, 67),
(702, 73),
(702, 73),
(702, 69),
(702, 63),
(702, 79),
(702, 79),
(702, 67),
(702, 79),
(702, 79),
(702, 67),
(702, 66),
(702, 66),
(703, 78),
(703, 78),
(703, 66),
(703, 78),
(703, 78),
(703, 66),
(703, 69),
(703, 69),
(703, 63),
(703, 73),
(703, 73),
(703, 69),
(703, 63),
(703, 69),
(703, 69),
(703, 63),
(704, 79),
(704, 79),
(704, 67),
(704, 65),
(704, 65),
(704, 79),
(704, 79),
(704, 67),
(704, 73),
(704, 73),
(704, 69),
(704, 63),
(704, 77),
(704, 77),
(704, 66),
(705, 78),
(705, 78),
(705, 66),
(705, 63),
(705, 63),
(705, 80),
(705, 80),
(705, 67),
(705, 79),
(705, 79),
(705, 67),
(705, 69),
(705, 69),
(705, 63),
(706, 65),
(706, 65),
(706, 64),
(706, 64),
(706, 73),
(706, 73),
(706, 69),
(706, 63),
(706, 64),
(706, 64),
(706, 73),
(706, 73),
(706, 69),
(706, 63),
(707, 78),
(707, 78),
(707, 66),
(707, 77),
(707, 77),
(707, 66),
(707, 78),
(707, 78),
(707, 66),
(707, 75),
(707, 75),
(707, 65),
(707, 80),
(707, 80),
(707, 67),
(708, 80),
(708, 80),
(708, 67),
(708, 72),
(708, 72),
(708, 64),
(708, 65),
(708, 65),
(708, 69),
(708, 69),
(708, 63),
(708, 78),
(708, 78),
(708, 66),
(709, 73),
(709, 73),
(709, 69),
(709, 63),
(709, 79),
(709, 79),
(709, 67),
(709, 70),
(709, 70),
(709, 63),
(709, 80),
(709, 80),
(709, 67),
(709, 76),
(709, 76),
(709, 65),
(710, 63),
(710, 63),
(710, 66),
(710, 66),
(710, 74),
(710, 74),
(710, 69),
(710, 63),
(710, 66),
(710, 66),
(710, 80),
(710, 80),
(710, 67),
(711, 64),
(711, 64),
(711, 78),
(711, 78),
(711, 66),
(711, 75),
(711, 75),
(711, 65),
(711, 67),
(711, 67),
(711, 76),
(711, 76),
(711, 65),
(712, 76),
(712, 76),
(712, 65),
(712, 78),
(712, 78),
(712, 66),
(712, 68),
(712, 68),
(712, 63),
(712, 73),
(712, 73),
(712, 69),
(712, 63),
(712, 76),
(712, 76),
(712, 65),
(713, 64),
(713, 64),
(713, 70),
(713, 70),
(713, 63),
(713, 68),
(713, 68),
(713, 63),
(713, 78),
(713, 78),
(713, 66),
(713, 64),
(713, 64),
(714, 72),
(714, 72),
(714, 64),
(714, 78),
(714, 78),
(714, 66),
(714, 65),
(714, 65),
(714, 73),
(714, 73),
(714, 69),
(714, 63),
(714, 79),
(714, 79),
(714, 67),
(715, 71),
(715, 71),
(715, 64),
(715, 76),
(715, 76),
(715, 65),
(715, 80),
(715, 80),
(715, 67),
(715, 76),
(715, 76),
(715, 65),
(715, 68),
(715, 68),
(715, 63),
(716, 76),
(716, 76),
(716, 65),
(716, 68),
(716, 68),
(716, 63),
(716, 65),
(716, 65),
(716, 76),
(716, 76),
(716, 65),
(716, 63),
(716, 63),
(717, 70),
(717, 70),
(717, 63),
(717, 75),
(717, 75),
(717, 65),
(717, 75),
(717, 75),
(717, 65),
(717, 67),
(717, 67),
(717, 79),
(717, 79),
(717, 67),
(718, 71),
(718, 71),
(718, 64),
(718, 78),
(718, 78),
(718, 66),
(718, 79),
(718, 79),
(718, 67),
(718, 63),
(718, 63),
(718, 69),
(718, 69),
(718, 63),
(719, 77),
(719, 77),
(719, 66),
(719, 75),
(719, 75),
(719, 65),
(719, 65),
(719, 65),
(719, 70),
(719, 70),
(719, 63),
(719, 64),
(719, 64),
(720, 79),
(720, 79),
(720, 67),
(720, 78),
(720, 78),
(720, 66),
(720, 73),
(720, 73),
(720, 69),
(720, 63),
(720, 64),
(720, 64),
(720, 63),
(720, 63),
(721, 63),
(721, 63),
(721, 79),
(721, 79),
(721, 67),
(721, 64),
(721, 64),
(721, 71),
(721, 71),
(721, 64),
(721, 63),
(721, 63),
(722, 70),
(722, 70),
(722, 63),
(722, 68),
(722, 68),
(722, 63),
(722, 67),
(722, 67),
(722, 69),
(722, 69),
(722, 63),
(722, 80),
(722, 80),
(722, 67),
(723, 65),
(723, 65),
(723, 67),
(723, 67),
(723, 74),
(723, 74),
(723, 69),
(723, 63),
(723, 71),
(723, 71),
(723, 64),
(723, 71),
(723, 71),
(723, 64),
(724, 75),
(724, 75),
(724, 65),
(724, 70),
(724, 70),
(724, 63),
(724, 78),
(724, 78),
(724, 66),
(724, 76),
(724, 76),
(724, 65),
(724, 75),
(724, 75),
(724, 65),
(725, 71),
(725, 71),
(725, 64),
(725, 71),
(725, 71),
(725, 64),
(725, 74),
(725, 74),
(725, 69),
(725, 63),
(725, 77),
(725, 77),
(725, 66),
(725, 79),
(725, 79),
(725, 67),
(726, 78),
(726, 78),
(726, 66),
(726, 71),
(726, 71),
(726, 64),
(726, 72),
(726, 72),
(726, 64),
(726, 79),
(726, 79),
(726, 67),
(726, 68),
(726, 68),
(726, 63),
(727, 76),
(727, 76),
(727, 65),
(727, 78),
(727, 78),
(727, 66),
(727, 71),
(727, 71),
(727, 64),
(727, 76),
(727, 76),
(727, 65),
(727, 65),
(727, 65),
(728, 79),
(728, 79),
(728, 67),
(728, 75),
(728, 75),
(728, 65),
(728, 66),
(728, 66),
(728, 68),
(728, 68),
(728, 63),
(728, 69),
(728, 69),
(728, 63),
(729, 77),
(729, 77),
(729, 66),
(729, 74),
(729, 74),
(729, 69),
(729, 63),
(729, 74),
(729, 74),
(729, 69),
(729, 63),
(729, 71),
(729, 71),
(729, 64),
(729, 70),
(729, 70),
(729, 63),
(730, 66),
(730, 66),
(730, 79),
(730, 79),
(730, 67),
(730, 74),
(730, 74),
(730, 69),
(730, 63),
(730, 80),
(730, 80),
(730, 67),
(730, 65),
(730, 65),
(731, 66),
(731, 66),
(731, 64),
(731, 64),
(731, 69),
(731, 69),
(731, 63),
(731, 64),
(731, 64),
(731, 68),
(731, 68),
(731, 63),
(732, 69),
(732, 69),
(732, 63),
(732, 69),
(732, 69),
(732, 63),
(732, 63),
(732, 63),
(732, 77),
(732, 77),
(732, 66),
(732, 68),
(732, 68),
(732, 63),
(733, 78),
(733, 78),
(733, 66),
(733, 65),
(733, 65),
(733, 74),
(733, 74),
(733, 69),
(733, 63),
(733, 75),
(733, 75),
(733, 65),
(733, 70),
(733, 70),
(733, 63),
(734, 63),
(734, 63),
(734, 76),
(734, 76),
(734, 65),
(734, 67),
(734, 67),
(734, 70),
(734, 70),
(734, 63),
(734, 66),
(734, 66),
(735, 69),
(735, 69),
(735, 63),
(735, 73),
(735, 73),
(735, 69),
(735, 63),
(735, 75),
(735, 75),
(735, 65),
(735, 76),
(735, 76),
(735, 65),
(735, 70),
(735, 70),
(735, 63),
(736, 80),
(736, 80),
(736, 67),
(736, 74),
(736, 74),
(736, 69),
(736, 63),
(736, 64),
(736, 64),
(736, 76),
(736, 76),
(736, 65),
(736, 67),
(736, 67),
(737, 77),
(737, 77),
(737, 66),
(737, 63),
(737, 63),
(737, 78),
(737, 78),
(737, 66),
(737, 79),
(737, 79),
(737, 67),
(737, 77),
(737, 77),
(737, 66),
(738, 63),
(738, 63),
(738, 71),
(738, 71),
(738, 64),
(738, 68),
(738, 68),
(738, 63),
(738, 78),
(738, 78),
(738, 66),
(738, 80),
(738, 80),
(738, 67),
(739, 67),
(739, 67),
(739, 66),
(739, 66),
(739, 65),
(739, 65),
(739, 75),
(739, 75),
(739, 65),
(739, 74),
(739, 74),
(739, 69),
(739, 63),
(740, 64),
(740, 64),
(740, 73),
(740, 73),
(740, 69),
(740, 63),
(740, 79),
(740, 79),
(740, 67),
(740, 74),
(740, 74),
(740, 69),
(740, 63),
(740, 75),
(740, 75),
(740, 65),
(741, 64),
(741, 64),
(741, 78),
(741, 78),
(741, 66),
(741, 73),
(741, 73),
(741, 69),
(741, 63),
(741, 73),
(741, 73),
(741, 69),
(741, 63),
(741, 70),
(741, 70),
(741, 63);

-- --------------------------------------------------------

--
-- Структура таблицы `comments`
--

CREATE TABLE `comments` (
  `id_comment` int(10) UNSIGNED NOT NULL,
  `id_parent_comment` int(10) UNSIGNED DEFAULT NULL,
  `nested_level` int(11) NOT NULL DEFAULT '0',
  `id_article` int(10) UNSIGNED DEFAULT NULL,
  `id_user` int(10) UNSIGNED DEFAULT NULL,
  `text` text,
  `date` datetime DEFAULT NULL,
  `is_published` int(10) UNSIGNED NOT NULL DEFAULT '0',
  `like_ok` text,
  `dislike` int(10) UNSIGNED DEFAULT NULL,
  `not_recommend` tinyint(2) DEFAULT '0',
  `recommend` tinyint(2) DEFAULT '0'
) ENGINE=InnoDB DEFAULT CHARSET=utf8;

--
-- Дамп данных таблицы `comments`
--

INSERT INTO `comments` (`id_comment`, `id_parent_comment`, `nested_level`, `id_article`, `id_user`, `text`, `date`, `is_published`, `like_ok`, `dislike`, `not_recommend`, `recommend`) VALUES
(7496, 0, 0, 692, 50, 'Adipiscing pretium pretium finibus ipsum gravida ultrices magna convallis magna', '2017-10-18 12:18:47', 1, '', NULL, 0, 0),
(7497, 7496, 0, 692, 47, 'Maecenas dolor curae finibus facilisi finibus magna posuere varius faucibus quisque consectetur mollis purus gravida pretium metus varius maecenas', '2017-10-18 12:18:47', 1, '', NULL, 0, 0),
(7498, 7496, 0, 692, 52, 'Tristique vestibulum luctus primis libero consectetur faucibus finibus fermentum tincidunt posuere aliquam tortor gravida mauris fermentum fermentum', '2017-10-18 12:18:47', 1, '', NULL, 0, 0),
(7499, 7496, 0, 692, 48, 'Libero metus dolor adipiscing maecenas luctus fermentum accumsan accumsan vestibulum', '2017-10-18 12:18:47', 1, '', NULL, 0, 0),
(7500, 0, 0, 692, 46, 'Pretium vestibulum lorem consectetur felis nulla ultrices condimentum consectetur ipsum lorem accumsan maecenas ultrices cubilia faucibus lorem tincidunt mollis felis', '2017-10-18 12:18:47', 1, '', NULL, 0, 1),
(7501, 7500, 0, 692, 1, 'Finibus nulla risus mollis cubilia finibus condimentum aliquam consectetur adipiscing suscipit tortor finibus', '2017-10-18 12:18:47', 1, '', NULL, 0, 1),
(7502, 7500, 0, 692, 45, 'Ultrices tristique mauris magna metus risus maecenas egestas', '2017-10-18 12:18:47', 1, '', NULL, 0, 1),
(7503, 0, 0, 692, 48, 'Ultrices consectetur finibus consectetur libero condimentum condimentum nulla faucibus metus nulla metus mauris gravida dolor dolor dolor libero', '2017-10-18 12:18:47', 1, '', NULL, 0, 1),
(7504, 7503, 0, 692, 43, 'Fermentum mollis faucibus ipsum faucibus maecenas ipsum purus gravida consectetur mollis purus metus condimentum convallis adipiscing ultrices', '2017-10-18 12:18:47', 1, '', NULL, 0, 1),
(7505, 7503, 0, 692, 47, 'Facilisi nulla metus condimentum condimentum fermentum egestas ipsum mauris vestibulum quisque lorem purus vestibulum faucibus finibus morbi purus', '2017-10-18 12:18:47', 1, '', NULL, 0, 1),
(7506, 7503, 0, 692, 46, 'Efficitur cubilia magna lorem primis faucibus maecenas convallis purus vestibulum nulla mollis laoreet tortor faucibus', '2017-10-18 12:18:47', 1, '', NULL, 0, 1),
(7507, 0, 0, 692, 45, 'Curae facilisi faucibus mollis mollis nulla suscipit magna pretium mollis vestibulum suscipit finibus suscipit dolor nulla fermentum tristique mauris lorem', '2017-10-18 12:18:47', 0, '', NULL, 0, -1),
(7508, 7507, 0, 692, 43, 'Finibus luctus felis metus luctus faucibus purus risus tincidunt dolor faucibus ipsum tortor risus nulla efficitur morbi', '2017-10-18 12:18:47', 0, '', NULL, 0, -1),
(7509, 7507, 0, 692, 2, 'Mollis faucibus quisque fermentum adipiscing finibus nulla consectetur faucibus adipiscing convallis consectetur mollis', '2017-10-18 12:18:47', 0, '', NULL, 0, -1),
(7510, 7507, 0, 692, 50, 'Condimentum faucibus libero magna gravida tristique mauris magna consectetur finibus faucibus ultrices pretium mauris mauris accumsan faucibus magna tincidunt', '2017-10-18 12:18:47', 0, '', NULL, 0, -1),
(7511, 0, 0, 693, 1, 'Convallis ipsum lorem faucibus posuere curae mollis finibus condimentum mauris faucibus morbi libero tincidunt metus vestibulum magna ultrices varius', '2017-10-18 12:18:47', 1, '', NULL, 0, 0),
(7512, 7511, 0, 693, 51, 'Mauris fermentum tristique fermentum efficitur feugiat purus suscipit cubilia fermentum faucibus risus aliquam finibus', '2017-10-18 12:18:47', 1, '', NULL, 0, 0),
(7513, 7511, 0, 693, 1, 'Maecenas ipsum consectetur faucibus faucibus cubilia mollis maecenas', '2017-10-18 12:18:47', 1, '', NULL, 0, 0),
(7514, 7511, 0, 693, 45, 'Finibus dolor varius metus adipiscing metus tincidunt primis mollis vestibulum pretium luctus mauris magna', '2017-10-18 12:18:47', 1, '', NULL, 0, 0),
(7515, 0, 0, 693, 46, 'Tincidunt egestas faucibus efficitur efficitur suscipit consectetur finibus dolor convallis', '2017-10-18 12:18:47', 1, '', NULL, 0, 0),
(7516, 7515, 0, 693, 44, 'Finibus libero consectetur tristique mollis consectetur mauris feugiat facilisi morbi ipsum varius suscipit tortor mollis', '2017-10-18 12:18:47', 1, '', NULL, 0, 0),
(7517, 7515, 0, 693, 52, 'Finibus ipsum finibus nulla adipiscing fermentum mauris mauris metus mollis mauris varius morbi curae purus nulla', '2017-10-18 12:18:47', 1, '', NULL, 0, 0),
(7518, 7515, 0, 693, 2, 'Primis nulla aliquam consectetur risus faucibus metus', '2017-10-18 12:18:47', 1, '', NULL, 0, 0),
(7519, 0, 0, 693, 51, 'Faucibus fermentum facilisi consectetur mauris magna tristique suscipit gravida varius', '2017-10-18 12:18:47', 1, '', NULL, 0, 0),
(7520, 7519, 0, 693, 1, 'Risus dolor consectetur metus condimentum varius elementum faucibus risus maecenas curae gravida fermentum ipsum feugiat faucibus', '2017-10-18 12:18:47', 1, '', NULL, 0, 0),
(7521, 7519, 0, 693, 48, 'Ipsum posuere magna primis purus metus cubilia mauris cubilia faucibus pretium aliquam tincidunt consectetur libero', '2017-10-18 12:18:47', 1, '', NULL, 0, 0),
(7522, 0, 0, 694, 43, 'Metus primis gravida tortor primis facilisi cubilia felis magna tincidunt posuere faucibus facilisi consectetur egestas', '2017-10-18 12:18:47', 1, '', NULL, 0, 0),
(7523, 7522, 0, 694, 2, 'Luctus fermentum tincidunt felis mauris facilisi convallis vestibulum consectetur varius vestibulum morbi felis mollis elementum tortor fermentum mauris varius lorem', '2017-10-18 12:18:47', 1, '', NULL, 0, 0),
(7524, 7522, 0, 694, 45, 'Magna faucibus maecenas primis maecenas magna mauris tristique pretium fermentum morbi', '2017-10-18 12:18:47', 1, '', NULL, 0, 0),
(7525, 0, 0, 694, 49, 'Curae libero tortor lorem dolor faucibus metus finibus', '2017-10-18 12:18:47', 0, '', NULL, 0, -1),
(7526, 7525, 0, 694, 45, 'Mollis condimentum luctus tristique faucibus fermentum tortor quisque mollis cubilia fermentum risus', '2017-10-18 12:18:47', 0, '', NULL, 0, -1),
(7527, 7525, 0, 694, 52, 'Elementum egestas accumsan condimentum libero magna consectetur varius condimentum quisque vestibulum cubilia egestas faucibus suscipit mollis luctus laoreet', '2017-10-18 12:18:47', 0, '', NULL, 0, -1),
(7528, 7525, 0, 694, 1, 'Maecenas mollis finibus ultrices ultrices dolor pretium elementum metus maecenas mollis', '2017-10-18 12:18:47', 0, '', NULL, 0, -1),
(7529, 0, 0, 694, 50, 'Maecenas tortor vestibulum faucibus egestas facilisi tortor', '2017-10-18 12:18:47', 0, '', NULL, 0, -1),
(7530, 7529, 0, 694, 49, 'Elementum tincidunt fermentum nulla feugiat ipsum ultrices purus ultrices morbi consectetur ipsum ultrices metus efficitur risus tortor aliquam pretium consectetur', '2017-10-18 12:18:47', 0, '', NULL, 0, -1),
(7531, 7529, 0, 694, 49, 'Finibus ipsum convallis aliquam primis facilisi felis adipiscing metus vestibulum finibus feugiat gravida pretium mauris consectetur ipsum ipsum mollis metus', '2017-10-18 12:18:47', 0, '', NULL, 0, -1),
(7532, 0, 0, 695, 45, 'Pretium convallis condimentum curae purus vestibulum consectetur accumsan facilisi libero dolor varius facilisi elementum magna metus pretium cubilia', '2017-10-18 12:18:47', 0, '', NULL, 0, -1),
(7533, 7532, 0, 695, 48, 'Mauris tortor felis convallis metus adipiscing magna laoreet morbi aliquam ipsum', '2017-10-18 12:18:47', 0, '', NULL, 0, -1),
(7534, 7532, 0, 695, 2, 'Ultrices condimentum mauris libero ipsum nulla tortor tortor felis cubilia faucibus', '2017-10-18 12:18:47', 0, '', NULL, 0, -1),
(7535, 7532, 0, 695, 1, 'Libero cubilia ipsum faucibus tincidunt curae faucibus dolor curae morbi finibus convallis magna mollis consectetur', '2017-10-18 12:18:47', 0, '', NULL, 0, -1),
(7536, 0, 0, 695, 52, 'Libero facilisi faucibus condimentum vestibulum quisque primis faucibus primis', '2017-10-18 12:18:47', 1, '', NULL, 0, 0),
(7537, 7536, 0, 695, 47, 'Metus metus consectetur consectetur metus libero laoreet accumsan curae magna varius', '2017-10-18 12:18:47', 1, '', NULL, 0, 0),
(7538, 7536, 0, 695, 47, 'Efficitur egestas laoreet condimentum egestas mauris tincidunt elementum feugiat lorem faucibus lorem egestas condimentum faucibus aliquam mauris', '2017-10-18 12:18:47', 1, '', NULL, 0, 0),
(7539, 7536, 0, 695, 1, 'Lorem purus facilisi dolor adipiscing facilisi fermentum ipsum curae feugiat vestibulum fermentum consectetur mauris feugiat', '2017-10-18 12:18:47', 1, '', NULL, 0, 0),
(7540, 0, 0, 695, 47, 'Mollis magna curae faucibus felis tortor convallis convallis magna felis faucibus', '2017-10-18 12:18:47', 1, '', NULL, 0, 1),
(7541, 7540, 0, 695, 51, 'Gravida cubilia metus tristique consectetur lorem faucibus tincidunt mollis faucibus aliquam magna vestibulum luctus adipiscing dolor faucibus', '2017-10-18 12:18:47', 1, '', NULL, 0, 1),
(7542, 7540, 0, 695, 49, 'Accumsan mollis metus egestas metus facilisi posuere varius fermentum consectetur fermentum aliquam fermentum quisque luctus dolor ipsum', '2017-10-18 12:18:47', 1, '', NULL, 0, 1),
(7543, 0, 0, 695, 49, 'Pretium nulla ultrices pretium magna condimentum primis convallis varius', '2017-10-18 12:18:47', 1, '', NULL, 0, 0),
(7544, 7543, 0, 695, 45, 'Fermentum egestas fermentum egestas laoreet ultrices tortor posuere fermentum primis risus fermentum faucibus primis mollis magna faucibus', '2017-10-18 12:18:47', 1, '', NULL, 0, 0),
(7545, 7543, 0, 695, 43, 'Morbi faucibus suscipit nulla condimentum morbi cubilia lorem elementum faucibus faucibus magna quisque primis aliquam metus nulla mauris aliquam finibus', '2017-10-18 12:18:47', 1, '', NULL, 0, 0),
(7546, 0, 0, 696, 45, 'Morbi elementum elementum cubilia ipsum mollis pretium consectetur libero gravida consectetur libero magna posuere varius luctus ultrices laoreet curae consectetur', '2017-10-18 12:18:47', 1, '', NULL, 0, 0),
(7547, 7546, 0, 696, 50, 'Efficitur vestibulum vestibulum tortor dolor laoreet purus posuere mauris tortor risus', '2017-10-18 12:18:47', 1, '', NULL, 0, 0),
(7548, 7546, 0, 696, 46, 'Varius egestas dolor purus cubilia convallis faucibus quisque', '2017-10-18 12:18:47', 1, '', NULL, 0, 0),
(7549, 0, 0, 696, 49, 'Ultrices dolor egestas varius mollis morbi feugiat magna libero feugiat magna tristique varius ipsum faucibus finibus fermentum convallis', '2017-10-18 12:18:47', 0, '', NULL, 0, -1),
(7550, 7549, 0, 696, 52, 'Efficitur risus pretium maecenas fermentum varius ipsum consectetur tincidunt tristique', '2017-10-18 12:18:47', 0, '', NULL, 0, -1),
(7551, 7549, 0, 696, 52, 'Magna metus consectetur cubilia maecenas convallis laoreet efficitur libero faucibus', '2017-10-18 12:18:47', 0, '', NULL, 0, -1),
(7552, 0, 0, 696, 45, 'Aliquam consectetur feugiat ipsum felis tortor luctus varius tristique posuere ipsum varius mollis faucibus tortor tortor quisque', '2017-10-18 12:18:47', 0, '', NULL, 0, -1),
(7553, 7552, 0, 696, 44, 'Consectetur metus luctus laoreet adipiscing vestibulum tortor elementum nulla maecenas cubilia gravida condimentum pretium tincidunt vestibulum condimentum mollis ipsum', '2017-10-18 12:18:47', 0, '', NULL, 0, -1),
(7554, 7552, 0, 696, 52, 'Faucibus faucibus maecenas feugiat accumsan condimentum consectetur vestibulum accumsan facilisi', '2017-10-18 12:18:47', 0, '', NULL, 0, -1),
(7555, 0, 0, 696, 45, 'Tincidunt dolor magna metus faucibus fermentum faucibus vestibulum adipiscing metus', '2017-10-18 12:18:47', 1, '', NULL, 0, 0),
(7556, 7555, 0, 696, 52, 'Consectetur magna aliquam magna luctus tincidunt aliquam felis', '2017-10-18 12:18:47', 1, '', NULL, 0, 0),
(7557, 7555, 0, 696, 50, 'Dolor feugiat vestibulum metus pretium luctus luctus tortor laoreet magna suscipit vestibulum condimentum', '2017-10-18 12:18:47', 1, '', NULL, 0, 0),
(7558, 7555, 0, 696, 49, 'Egestas pretium elementum purus adipiscing ipsum condimentum faucibus lorem pretium', '2017-10-18 12:18:47', 1, '', NULL, 0, 0),
(7559, 0, 0, 697, 44, 'Aliquam condimentum purus tincidunt maecenas dolor faucibus vestibulum magna maecenas consectetur quisque pretium adipiscing posuere felis luctus', '2017-10-18 12:18:47', 1, '', NULL, 0, 0),
(7560, 7559, 0, 697, 44, 'Adipiscing curae faucibus aliquam magna felis elementum fermentum luctus cubilia fermentum vestibulum tincidunt metus luctus consectetur magna fermentum tortor', '2017-10-18 12:18:47', 1, '', NULL, 0, 0),
(7561, 7559, 0, 697, 46, 'Consectetur felis fermentum accumsan faucibus egestas tristique mollis consectetur', '2017-10-18 12:18:47', 1, '', NULL, 0, 0),
(7562, 7559, 0, 697, 51, 'Feugiat elementum faucibus primis lorem mauris varius risus mauris', '2017-10-18 12:18:47', 1, '', NULL, 0, 0),
(7563, 0, 0, 697, 48, 'Faucibus mauris fermentum consectetur lorem facilisi primis mauris consectetur ipsum consectetur condimentum vestibulum magna cubilia feugiat morbi feugiat', '2017-10-18 12:18:47', 0, '', NULL, 0, -1),
(7564, 7563, 0, 697, 45, 'Metus laoreet consectetur magna tincidunt condimentum tincidunt finibus', '2017-10-18 12:18:47', 0, '', NULL, 0, -1),
(7565, 7563, 0, 697, 1, 'Curae convallis lorem laoreet posuere accumsan purus primis finibus metus risus purus condimentum facilisi mauris tortor pretium condimentum fermentum', '2017-10-18 12:18:47', 0, '', NULL, 0, -1),
(7566, 7563, 0, 697, 48, 'Tortor mollis aliquam libero vestibulum magna primis suscipit faucibus elementum', '2017-10-18 12:18:47', 0, '', NULL, 0, -1),
(7567, 0, 0, 697, 43, 'Magna mauris libero ultrices curae quisque finibus', '2017-10-18 12:18:47', 0, '', NULL, 0, -1),
(7568, 7567, 0, 697, 50, 'Fermentum accumsan primis vestibulum faucibus feugiat egestas pretium laoreet dolor gravida efficitur facilisi nulla dolor pretium purus maecenas elementum finibus', '2017-10-18 12:18:47', 0, '', NULL, 0, -1),
(7569, 7567, 0, 697, 51, 'Convallis facilisi condimentum libero aliquam efficitur ipsum mollis metus efficitur dolor faucibus vestibulum condimentum', '2017-10-18 12:18:47', 0, '', NULL, 0, -1),
(7570, 7567, 0, 697, 47, 'Purus convallis vestibulum faucibus curae consectetur consectetur adipiscing laoreet quisque condimentum risus faucibus mauris metus facilisi dolor morbi', '2017-10-18 12:18:47', 0, '', NULL, 0, -1),
(7571, 0, 0, 697, 50, 'Vestibulum risus ultrices accumsan condimentum ipsum faucibus varius vestibulum consectetur consectetur fermentum magna condimentum magna luctus mollis faucibus dolor magna', '2017-10-18 12:18:47', 1, '', NULL, 0, 0),
(7572, 7571, 0, 697, 44, 'Posuere suscipit mauris fermentum magna dolor condimentum condimentum ultrices egestas purus', '2017-10-18 12:18:47', 1, '', NULL, 0, 0),
(7573, 7571, 0, 697, 49, 'Curae libero mauris consectetur mauris magna metus tincidunt efficitur luctus tincidunt faucibus pretium libero lorem metus libero varius quisque ipsum', '2017-10-18 12:18:47', 1, '', NULL, 0, 0),
(7574, 0, 0, 698, 52, 'Felis tristique adipiscing fermentum ipsum finibus nulla facilisi suscipit fermentum metus quisque consectetur mauris efficitur ipsum curae', '2017-10-18 12:18:47', 1, '', NULL, 0, 1),
(7575, 7574, 0, 698, 44, 'Varius finibus pretium ipsum dolor feugiat aliquam vestibulum ultrices fermentum libero consectetur vestibulum accumsan faucibus', '2017-10-18 12:18:47', 1, '', NULL, 0, 1),
(7576, 7574, 0, 698, 49, 'Felis tortor luctus tristique purus aliquam ultrices vestibulum mauris curae varius', '2017-10-18 12:18:47', 1, '', NULL, 0, 1),
(7577, 7574, 0, 698, 50, 'Faucibus tristique morbi mollis fermentum dolor ipsum laoreet maecenas condimentum efficitur egestas finibus mollis condimentum dolor', '2017-10-18 12:18:47', 1, '', NULL, 0, 1),
(7578, 0, 0, 698, 46, 'Faucibus efficitur faucibus dolor maecenas mauris aliquam ipsum fermentum consectetur varius dolor libero faucibus lorem condimentum', '2017-10-18 12:18:47', 0, '', NULL, 0, -1),
(7579, 7578, 0, 698, 49, 'Nulla libero aliquam libero tortor consectetur facilisi gravida lorem faucibus laoreet mauris ipsum', '2017-10-18 12:18:47', 0, '', NULL, 0, -1),
(7580, 7578, 0, 698, 2, 'Pretium mauris laoreet faucibus cubilia ipsum condimentum accumsan quisque fermentum metus dolor magna laoreet primis posuere consectetur tincidunt', '2017-10-18 12:18:47', 0, '', NULL, 0, -1),
(7581, 7578, 0, 698, 43, 'Accumsan efficitur libero dolor consectetur vestibulum accumsan tortor dolor vestibulum elementum risus efficitur cubilia mollis nulla posuere', '2017-10-18 12:18:47', 0, '', NULL, 0, -1),
(7582, 0, 0, 698, 44, 'Nulla faucibus vestibulum elementum felis tincidunt tortor quisque purus egestas finibus magna laoreet felis efficitur lorem', '2017-10-18 12:18:47', 0, '', NULL, 0, -1),
(7583, 7582, 0, 698, 44, 'Cubilia consectetur mauris faucibus feugiat metus consectetur tincidunt curae maecenas consectetur elementum fermentum feugiat', '2017-10-18 12:18:47', 0, '', NULL, 0, -1),
(7584, 7582, 0, 698, 43, 'Tristique cubilia ultrices ipsum varius adipiscing condimentum varius laoreet consectetur elementum adipiscing pretium mauris pretium lorem', '2017-10-18 12:18:47', 0, '', NULL, 0, -1),
(7585, 0, 0, 699, 1, 'Varius cubilia efficitur magna feugiat mauris metus condimentum primis egestas condimentum mauris ipsum faucibus feugiat morbi libero', '2017-10-18 12:18:47', 0, '', NULL, 0, -1),
(7586, 7585, 0, 699, 45, 'Primis libero vestibulum lorem felis finibus libero', '2017-10-18 12:18:47', 0, '', NULL, 0, -1),
(7587, 7585, 0, 699, 47, 'Posuere mollis ultrices cubilia morbi fermentum quisque elementum laoreet pretium faucibus morbi ultrices maecenas nulla facilisi egestas mauris tortor faucibus', '2017-10-18 12:18:47', 0, '', NULL, 0, -1),
(7588, 0, 0, 699, 50, 'Primis finibus ipsum fermentum condimentum gravida suscipit faucibus facilisi felis fermentum nulla consectetur', '2017-10-18 12:18:47', 0, '', NULL, 0, -1),
(7589, 7588, 0, 699, 47, 'Cubilia mauris condimentum fermentum facilisi efficitur tristique condimentum condimentum faucibus feugiat', '2017-10-18 12:18:47', 0, '', NULL, 0, -1),
(7590, 7588, 0, 699, 43, 'Metus mauris metus metus primis finibus mollis', '2017-10-18 12:18:47', 0, '', NULL, 0, -1),
(7591, 0, 0, 699, 44, 'Feugiat luctus tristique mollis pretium faucibus tortor fermentum fermentum libero', '2017-10-18 12:18:47', 0, '', NULL, 0, -1),
(7592, 7591, 0, 699, 47, 'Fermentum accumsan ipsum magna magna luctus consectetur feugiat risus libero adipiscing egestas mollis luctus curae mauris feugiat faucibus convallis', '2017-10-18 12:18:48', 0, '', NULL, 0, -1),
(7593, 7591, 0, 699, 50, 'Pretium consectetur mauris tristique primis finibus fermentum posuere cubilia finibus magna varius tincidunt magna curae', '2017-10-18 12:18:48', 0, '', NULL, 0, -1),
(7594, 7591, 0, 699, 44, 'Nulla faucibus finibus felis faucibus adipiscing ultrices fermentum faucibus risus nulla laoreet tristique', '2017-10-18 12:18:48', 0, '', NULL, 0, -1),
(7595, 0, 0, 700, 52, 'Morbi metus consectetur lorem facilisi consectetur ipsum metus curae faucibus faucibus cubilia tristique fermentum morbi consectetur finibus dolor', '2017-10-18 12:18:48', 0, '', NULL, 0, -1),
(7596, 7595, 0, 700, 46, 'Finibus finibus purus faucibus finibus consectetur posuere luctus felis facilisi faucibus lorem fermentum finibus efficitur quisque suscipit tortor', '2017-10-18 12:18:48', 0, '', NULL, 0, -1),
(7597, 7595, 0, 700, 2, 'Aliquam tristique efficitur consectetur lorem adipiscing faucibus quisque convallis faucibus consectetur condimentum faucibus posuere metus magna maecenas risus dolor', '2017-10-18 12:18:48', 0, '', NULL, 0, -1),
(7598, 0, 0, 700, 50, 'Dolor fermentum vestibulum condimentum tincidunt tincidunt feugiat aliquam', '2017-10-18 12:18:48', 1, '', NULL, 0, 1),
(7599, 7598, 0, 700, 52, 'Egestas laoreet convallis ultrices faucibus risus varius', '2017-10-18 12:18:48', 1, '', NULL, 0, 1),
(7600, 7598, 0, 700, 51, 'Primis efficitur nulla faucibus adipiscing tincidunt libero vestibulum luctus feugiat condimentum finibus suscipit mauris', '2017-10-18 12:18:48', 1, '', NULL, 0, 1),
(7601, 7598, 0, 700, 52, 'Primis luctus faucibus primis faucibus morbi felis metus risus primis metus', '2017-10-18 12:18:48', 1, '', NULL, 0, 1),
(7602, 0, 0, 700, 48, 'Luctus magna varius egestas efficitur consectetur aliquam tortor dolor adipiscing facilisi faucibus gravida purus elementum tortor vestibulum curae tincidunt dolor', '2017-10-18 12:18:48', 1, '', NULL, 0, 0),
(7603, 7602, 0, 700, 48, 'Egestas aliquam nulla accumsan lorem dolor accumsan luctus ipsum consectetur luctus metus purus efficitur dolor', '2017-10-18 12:18:48', 1, '', NULL, 0, 0),
(7604, 7602, 0, 700, 2, 'Feugiat mollis tristique faucibus primis gravida felis consectetur aliquam magna condimentum dolor magna mauris nulla mauris fermentum fermentum faucibus egestas', '2017-10-18 12:18:48', 1, '', NULL, 0, 0),
(7605, 0, 0, 701, 46, 'Posuere mauris cubilia tincidunt mollis tristique feugiat mauris elementum pretium adipiscing', '2017-10-18 12:18:48', 0, '', NULL, 0, -1),
(7606, 7605, 0, 701, 1, 'Accumsan magna efficitur suscipit posuere maecenas convallis purus primis dolor metus mollis lorem gravida feugiat accumsan convallis', '2017-10-18 12:18:48', 0, '', NULL, 0, -1),
(7607, 7605, 0, 701, 49, 'Egestas faucibus consectetur magna facilisi luctus laoreet mauris gravida suscipit faucibus aliquam vestibulum mauris tincidunt metus consectetur', '2017-10-18 12:18:48', 0, '', NULL, 0, -1),
(7608, 7605, 0, 701, 51, 'Tincidunt finibus pretium risus metus vestibulum mauris aliquam nulla suscipit adipiscing ultrices lorem vestibulum risus suscipit', '2017-10-18 12:18:48', 0, '', NULL, 0, -1),
(7609, 0, 0, 701, 51, 'Consectetur faucibus ultrices consectetur mollis laoreet posuere tincidunt magna suscipit mollis finibus vestibulum magna luctus', '2017-10-18 12:18:48', 1, '', NULL, 0, 1),
(7610, 7609, 0, 701, 2, 'Feugiat consectetur mollis varius dolor aliquam faucibus vestibulum suscipit posuere metus', '2017-10-18 12:18:48', 1, '', NULL, 0, 1),
(7611, 7609, 0, 701, 43, 'Feugiat facilisi purus facilisi maecenas nulla primis luctus felis feugiat lorem pretium ipsum', '2017-10-18 12:18:48', 1, '', NULL, 0, 1),
(7612, 7609, 0, 701, 52, 'Quisque fermentum accumsan feugiat consectetur magna magna efficitur tristique varius vestibulum ultrices condimentum luctus metus feugiat curae mollis tortor ipsum', '2017-10-18 12:18:48', 1, '', NULL, 0, 1),
(7613, 0, 0, 701, 43, 'Varius accumsan ultrices purus mauris finibus mauris mollis posuere egestas suscipit fermentum maecenas fermentum faucibus luctus laoreet', '2017-10-18 12:18:48', 1, '', NULL, 0, 0),
(7614, 7613, 0, 701, 49, 'Adipiscing mauris aliquam condimentum ipsum tincidunt elementum vestibulum varius', '2017-10-18 12:18:48', 1, '', NULL, 0, 0),
(7615, 7613, 0, 701, 46, 'Mollis faucibus faucibus adipiscing morbi magna faucibus magna ipsum facilisi dolor facilisi risus consectetur quisque consectetur metus primis', '2017-10-18 12:18:48', 1, '', NULL, 0, 0),
(7616, 0, 0, 702, 48, 'Adipiscing finibus ipsum ultrices vestibulum primis efficitur maecenas vestibulum faucibus finibus magna risus', '2017-10-18 12:18:48', 0, '', NULL, 0, -1),
(7617, 7616, 0, 702, 48, 'Efficitur pretium pretium purus lorem fermentum magna luctus consectetur faucibus convallis luctus suscipit ipsum morbi felis faucibus accumsan posuere', '2017-10-18 12:18:48', 0, '', NULL, 0, -1),
(7618, 7616, 0, 702, 49, 'Mauris consectetur nulla libero nulla vestibulum dolor mauris mollis posuere', '2017-10-18 12:18:48', 0, '', NULL, 0, -1),
(7619, 7616, 0, 702, 45, 'Pretium elementum vestibulum vestibulum faucibus vestibulum consectetur tincidunt tincidunt mauris faucibus condimentum consectetur posuere', '2017-10-18 12:18:48', 0, '', NULL, 0, -1),
(7620, 0, 0, 702, 44, 'Libero metus suscipit faucibus posuere elementum vestibulum accumsan mollis tortor luctus consectetur posuere felis faucibus consectetur condimentum consectetur', '2017-10-18 12:18:48', 1, '', NULL, 0, 1),
(7621, 7620, 0, 702, 51, 'Gravida magna gravida convallis faucibus curae vestibulum purus consectetur posuere metus morbi nulla metus libero lorem magna faucibus', '2017-10-18 12:18:48', 1, '', NULL, 0, 1),
(7622, 7620, 0, 702, 48, 'Felis fermentum ipsum tincidunt vestibulum consectetur egestas tincidunt elementum ultrices lorem felis consectetur faucibus faucibus metus', '2017-10-18 12:18:48', 1, '', NULL, 0, 1),
(7623, 7620, 0, 702, 2, 'Mollis metus magna finibus maecenas nulla tortor metus egestas consectetur', '2017-10-18 12:18:48', 1, '', NULL, 0, 1),
(7624, 0, 0, 702, 44, 'Pretium morbi laoreet faucibus finibus vestibulum maecenas mollis suscipit lorem', '2017-10-18 12:18:48', 0, '', NULL, 0, -1),
(7625, 7624, 0, 702, 47, 'Faucibus magna lorem tristique elementum mollis faucibus metus faucibus magna consectetur elementum metus aliquam vestibulum condimentum magna efficitur', '2017-10-18 12:18:48', 0, '', NULL, 0, -1),
(7626, 7624, 0, 702, 44, 'Morbi risus tortor cubilia tristique fermentum primis finibus felis fermentum adipiscing', '2017-10-18 12:18:48', 0, '', NULL, 0, -1),
(7627, 7624, 0, 702, 43, 'Magna nulla morbi mollis consectetur magna cubilia maecenas cubilia', '2017-10-18 12:18:48', 0, '', NULL, 0, -1),
(7628, 0, 0, 702, 52, 'Finibus faucibus magna luctus metus metus efficitur elementum consectetur metus', '2017-10-18 12:18:48', 1, '', NULL, 0, 0),
(7629, 7628, 0, 702, 44, 'Consectetur convallis magna efficitur vestibulum risus ipsum maecenas aliquam quisque pretium ipsum facilisi ipsum facilisi faucibus faucibus', '2017-10-18 12:18:48', 1, '', NULL, 0, 0),
(7630, 7628, 0, 702, 43, 'Adipiscing libero convallis laoreet primis morbi tortor', '2017-10-18 12:18:48', 1, '', NULL, 0, 0),
(7631, 7628, 0, 702, 51, 'Accumsan elementum accumsan luctus risus efficitur aliquam adipiscing lorem magna faucibus fermentum finibus mauris faucibus quisque luctus', '2017-10-18 12:18:48', 1, '', NULL, 0, 0),
(7632, 0, 0, 703, 49, 'Ultrices ipsum magna feugiat laoreet accumsan lorem accumsan tincidunt ipsum', '2017-10-18 12:18:48', 0, '', NULL, 0, -1),
(7633, 7632, 0, 703, 51, 'Varius luctus fermentum faucibus maecenas varius purus ultrices lorem mollis feugiat fermentum pretium feugiat vestibulum luctus vestibulum', '2017-10-18 12:18:48', 0, '', NULL, 0, -1),
(7634, 7632, 0, 703, 48, 'Adipiscing feugiat vestibulum finibus faucibus consectetur felis morbi morbi finibus fermentum vestibulum tincidunt vestibulum', '2017-10-18 12:18:48', 0, '', NULL, 0, -1),
(7635, 0, 0, 703, 52, 'Facilisi facilisi faucibus metus fermentum primis ultrices elementum consectetur consectetur suscipit consectetur condimentum luctus primis faucibus', '2017-10-18 12:18:48', 1, '', NULL, 0, 0),
(7636, 7635, 0, 703, 51, 'Efficitur mauris facilisi dolor ipsum quisque tristique tristique risus purus ipsum suscipit laoreet efficitur faucibus laoreet', '2017-10-18 12:18:48', 1, '', NULL, 0, 0),
(7637, 7635, 0, 703, 52, 'Facilisi morbi faucibus condimentum gravida aliquam metus gravida tincidunt metus egestas', '2017-10-18 12:18:48', 1, '', NULL, 0, 0),
(7638, 0, 0, 703, 48, 'Magna feugiat mollis fermentum mollis laoreet magna faucibus magna libero consectetur faucibus consectetur consectetur egestas lorem finibus posuere dolor', '2017-10-18 12:18:48', 0, '', NULL, 0, -1),
(7639, 7638, 0, 703, 52, 'Tristique ipsum posuere aliquam mollis fermentum tortor tincidunt libero tincidunt nulla varius convallis curae', '2017-10-18 12:18:48', 0, '', NULL, 0, -1),
(7640, 7638, 0, 703, 2, 'Vestibulum facilisi lorem faucibus consectetur ipsum lorem faucibus varius faucibus mollis finibus tincidunt posuere mollis cubilia accumsan faucibus adipiscing faucibus', '2017-10-18 12:18:48', 0, '', NULL, 0, -1),
(7641, 0, 0, 704, 50, 'Egestas ultrices primis accumsan condimentum mauris mauris mauris vestibulum faucibus elementum laoreet', '2017-10-18 12:18:48', 0, '', NULL, 0, -1),
(7642, 7641, 0, 704, 2, 'Finibus metus dolor finibus nulla condimentum laoreet magna condimentum tortor purus felis feugiat tincidunt primis pretium accumsan', '2017-10-18 12:18:48', 0, '', NULL, 0, -1),
(7643, 7641, 0, 704, 45, 'Maecenas finibus mauris cubilia faucibus magna quisque faucibus adipiscing purus varius consectetur consectetur libero', '2017-10-18 12:18:48', 0, '', NULL, 0, -1),
(7644, 7641, 0, 704, 52, 'Fermentum convallis facilisi faucibus mollis condimentum facilisi vestibulum risus suscipit efficitur consectetur tortor facilisi magna tincidunt vestibulum', '2017-10-18 12:18:48', 0, '', NULL, 0, -1),
(7645, 0, 0, 704, 46, 'Nulla risus vestibulum metus faucibus primis morbi mauris fermentum libero egestas magna metus fermentum luctus adipiscing magna', '2017-10-18 12:18:48', 0, '', NULL, 0, -1),
(7646, 7645, 0, 704, 48, 'Magna tortor ultrices consectetur faucibus egestas aliquam consectetur vestibulum tristique posuere ultrices faucibus convallis mauris faucibus nulla', '2017-10-18 12:18:48', 0, '', NULL, 0, -1),
(7647, 7645, 0, 704, 48, 'Finibus convallis dolor faucibus maecenas libero egestas mauris dolor quisque aliquam laoreet dolor faucibus morbi', '2017-10-18 12:18:48', 0, '', NULL, 0, -1),
(7648, 0, 0, 704, 44, 'Egestas faucibus elementum egestas finibus metus primis nulla fermentum consectetur finibus morbi finibus dolor ultrices ultrices', '2017-10-18 12:18:48', 1, '', NULL, 0, 1),
(7649, 7648, 0, 704, 2, 'Gravida dolor mauris varius luctus consectetur mollis consectetur accumsan felis risus fermentum faucibus consectetur ipsum elementum', '2017-10-18 12:18:48', 1, '', NULL, 0, 1),
(7650, 7648, 0, 704, 43, 'Vestibulum felis curae faucibus convallis vestibulum vestibulum faucibus mollis mollis lorem consectetur faucibus', '2017-10-18 12:18:48', 1, '', NULL, 0, 1),
(7651, 0, 0, 705, 49, 'Dolor luctus finibus adipiscing faucibus quisque lorem consectetur feugiat', '2017-10-18 12:18:48', 1, '', NULL, 0, 1),
(7652, 7651, 0, 705, 2, 'Mollis mollis laoreet pretium morbi adipiscing curae faucibus lorem egestas feugiat finibus curae facilisi mauris primis primis aliquam', '2017-10-18 12:18:48', 1, '', NULL, 0, 1),
(7653, 7651, 0, 705, 46, 'Primis luctus finibus libero faucibus faucibus magna dolor faucibus tincidunt tortor condimentum', '2017-10-18 12:18:48', 1, '', NULL, 0, 1),
(7654, 0, 0, 705, 46, 'Tincidunt luctus condimentum purus consectetur mauris magna libero finibus morbi faucibus', '2017-10-18 12:18:48', 0, '', NULL, 0, -1),
(7655, 7654, 0, 705, 52, 'Cubilia egestas finibus morbi condimentum libero elementum tristique faucibus mauris fermentum varius suscipit varius cubilia faucibus morbi', '2017-10-18 12:18:48', 0, '', NULL, 0, -1),
(7656, 7654, 0, 705, 49, 'Finibus nulla mauris pretium fermentum primis morbi elementum metus primis primis varius pretium', '2017-10-18 12:18:48', 0, '', NULL, 0, -1),
(7657, 7654, 0, 705, 50, 'Varius posuere pretium faucibus elementum mauris feugiat', '2017-10-18 12:18:48', 0, '', NULL, 0, -1),
(7658, 0, 0, 705, 49, 'Maecenas vestibulum dolor ultrices lorem egestas maecenas fermentum', '2017-10-18 12:18:48', 1, '', NULL, 0, 1),
(7659, 7658, 0, 705, 48, 'Condimentum quisque ipsum consectetur maecenas magna vestibulum nulla morbi dolor metus nulla faucibus ultrices dolor luctus lorem consectetur faucibus quisque', '2017-10-18 12:18:48', 1, '', NULL, 0, 1),
(7660, 7658, 0, 705, 52, 'Magna condimentum nulla mollis finibus efficitur facilisi accumsan ultrices condimentum efficitur accumsan tincidunt', '2017-10-18 12:18:48', 1, '', NULL, 0, 1),
(7661, 7658, 0, 705, 45, 'Feugiat condimentum dolor purus metus risus mollis primis', '2017-10-18 12:18:48', 1, '', NULL, 0, 1),
(7662, 0, 0, 706, 1, 'Egestas primis consectetur tincidunt faucibus feugiat feugiat luctus adipiscing curae quisque condimentum dolor', '2017-10-18 12:18:48', 0, '', NULL, 0, -1),
(7663, 7662, 0, 706, 2, 'Tortor maecenas ipsum vestibulum efficitur facilisi vestibulum cubilia quisque luctus mauris lorem elementum gravida elementum magna', '2017-10-18 12:18:49', 0, '', NULL, 0, -1),
(7664, 7662, 0, 706, 50, 'Maecenas suscipit nulla morbi condimentum libero magna mauris faucibus', '2017-10-18 12:18:49', 0, '', NULL, 0, -1),
(7665, 0, 0, 706, 50, 'Purus convallis magna condimentum tincidunt feugiat pretium aliquam magna metus vestibulum feugiat feugiat faucibus mauris mollis laoreet consectetur', '2017-10-18 12:18:49', 0, '', NULL, 0, -1),
(7666, 7665, 0, 706, 51, 'Adipiscing nulla finibus laoreet faucibus adipiscing felis purus magna facilisi morbi maecenas mauris lorem', '2017-10-18 12:18:49', 0, '', NULL, 0, -1),
(7667, 7665, 0, 706, 50, 'Magna dolor convallis magna adipiscing consectetur consectetur curae adipiscing posuere', '2017-10-18 12:18:49', 0, '', NULL, 0, -1),
(7668, 0, 0, 706, 44, 'Consectetur tincidunt magna lorem egestas consectetur ipsum', '2017-10-18 12:18:49', 0, '', NULL, 0, -1),
(7669, 7668, 0, 706, 51, 'Tortor morbi nulla magna feugiat mollis morbi purus mauris efficitur ipsum morbi efficitur', '2017-10-18 12:18:49', 0, '', NULL, 0, -1),
(7670, 7668, 0, 706, 2, 'Metus curae facilisi accumsan facilisi maecenas quisque mauris risus mauris dolor quisque cubilia pretium', '2017-10-18 12:18:49', 0, '', NULL, 0, -1),
(7671, 7668, 0, 706, 52, 'Suscipit faucibus finibus faucibus vestibulum consectetur felis luctus magna dolor elementum lorem egestas libero faucibus dolor vestibulum', '2017-10-18 12:18:49', 0, '', NULL, 0, -1),
(7672, 0, 0, 706, 49, 'Efficitur magna condimentum convallis elementum pretium risus', '2017-10-18 12:18:49', 0, '', NULL, 0, -1),
(7673, 7672, 0, 706, 51, 'Mollis nulla faucibus fermentum risus consectetur condimentum tristique mollis quisque mollis', '2017-10-18 12:18:49', 0, '', NULL, 0, -1),
(7674, 7672, 0, 706, 49, 'Dolor curae finibus vestibulum lorem mollis tincidunt ipsum ipsum maecenas magna', '2017-10-18 12:18:49', 0, '', NULL, 0, -1),
(7675, 7672, 0, 706, 44, 'Magna posuere quisque metus quisque mollis facilisi tincidunt faucibus metus mollis fermentum fermentum dolor', '2017-10-18 12:18:49', 0, '', NULL, 0, -1),
(7676, 0, 0, 707, 52, 'Dolor pretium magna cubilia faucibus mauris tristique consectetur', '2017-10-18 12:18:49', 0, '', NULL, 0, -1),
(7677, 7676, 0, 707, 47, 'Felis nulla faucibus mauris quisque felis aliquam dolor quisque efficitur consectetur metus vestibulum finibus gravida primis primis elementum purus', '2017-10-18 12:18:49', 0, '', NULL, 0, -1),
(7678, 7676, 0, 707, 44, 'Luctus primis condimentum faucibus purus fermentum pretium morbi posuere morbi finibus', '2017-10-18 12:18:49', 0, '', NULL, 0, -1),
(7679, 7676, 0, 707, 52, 'Faucibus convallis nulla felis risus dolor felis mauris primis purus faucibus tristique cubilia dolor', '2017-10-18 12:18:49', 0, '', NULL, 0, -1),
(7680, 0, 0, 707, 49, 'Finibus laoreet gravida mauris adipiscing convallis felis suscipit accumsan facilisi quisque tristique quisque efficitur fermentum quisque accumsan accumsan adipiscing elementum', '2017-10-18 12:18:49', 0, '', NULL, 0, -1),
(7681, 7680, 0, 707, 2, 'Mollis curae condimentum magna tincidunt risus primis dolor mauris primis faucibus vestibulum adipiscing curae suscipit quisque', '2017-10-18 12:18:49', 0, '', NULL, 0, -1),
(7682, 7680, 0, 707, 48, 'Magna egestas tristique facilisi fermentum convallis efficitur gravida', '2017-10-18 12:18:49', 0, '', NULL, 0, -1),
(7683, 7680, 0, 707, 50, 'Mauris metus metus consectetur tristique fermentum mauris metus libero efficitur nulla mauris condimentum tristique suscipit tristique', '2017-10-18 12:18:49', 0, '', NULL, 0, -1),
(7684, 0, 0, 707, 45, 'Tortor curae pretium cubilia consectetur convallis elementum elementum luctus facilisi nulla fermentum morbi dolor dolor accumsan vestibulum laoreet tortor finibus', '2017-10-18 12:18:49', 0, '', NULL, 0, -1),
(7685, 7684, 0, 707, 50, 'Risus finibus metus nulla varius adipiscing mauris efficitur adipiscing consectetur vestibulum curae', '2017-10-18 12:18:49', 0, '', NULL, 0, -1),
(7686, 7684, 0, 707, 47, 'Adipiscing ipsum vestibulum ultrices quisque metus nulla faucibus tincidunt morbi maecenas felis varius', '2017-10-18 12:18:49', 0, '', NULL, 0, -1),
(7687, 7684, 0, 707, 44, 'Mollis quisque faucibus posuere condimentum dolor pretium convallis fermentum libero nulla', '2017-10-18 12:18:49', 0, '', NULL, 0, -1),
(7688, 0, 0, 708, 52, 'Mollis faucibus purus finibus consectetur vestibulum libero metus convallis varius', '2017-10-18 12:18:49', 0, '', NULL, 0, -1),
(7689, 7688, 0, 708, 47, 'Condimentum consectetur curae varius fermentum felis aliquam purus consectetur quisque condimentum accumsan efficitur mauris mauris', '2017-10-18 12:18:49', 0, '', NULL, 0, -1),
(7690, 7688, 0, 708, 45, 'Consectetur facilisi faucibus adipiscing consectetur facilisi finibus fermentum primis luctus tristique felis accumsan vestibulum dolor faucibus elementum tristique', '2017-10-18 12:18:49', 0, '', NULL, 0, -1),
(7691, 0, 0, 708, 51, 'Felis aliquam posuere consectetur metus luctus finibus', '2017-10-18 12:18:49', 1, '', NULL, 0, 0),
(7692, 7691, 0, 708, 2, 'Consectetur mollis tristique mollis libero purus facilisi accumsan ultrices nulla nulla vestibulum tristique luctus', '2017-10-18 12:18:49', 1, '', NULL, 0, 0),
(7693, 7691, 0, 708, 48, 'Mollis mauris metus risus consectetur ultrices varius finibus maecenas', '2017-10-18 12:18:49', 1, '', NULL, 0, 0),
(7694, 0, 0, 708, 46, 'Curae morbi nulla cubilia adipiscing condimentum morbi finibus elementum metus faucibus', '2017-10-18 12:18:49', 1, '', NULL, 0, 1),
(7695, 7694, 0, 708, 46, 'Tristique laoreet tincidunt faucibus faucibus tortor magna cubilia primis lorem mauris magna magna morbi libero maecenas', '2017-10-18 12:18:49', 1, '', NULL, 0, 1),
(7696, 7694, 0, 708, 52, 'Consectetur vestibulum consectetur purus laoreet tristique posuere nulla ipsum tristique morbi condimentum faucibus finibus mollis tristique magna faucibus vestibulum', '2017-10-18 12:18:49', 1, '', NULL, 0, 1),
(7697, 0, 0, 709, 49, 'Egestas facilisi mollis egestas ipsum aliquam efficitur', '2017-10-18 12:18:49', 0, '', NULL, 0, -1),
(7698, 7697, 0, 709, 49, 'Primis lorem consectetur ultrices condimentum laoreet fermentum feugiat primis libero condimentum consectetur faucibus feugiat pretium ultrices metus efficitur fermentum primis', '2017-10-18 12:18:49', 0, '', NULL, 0, -1),
(7699, 7697, 0, 709, 47, 'Ultrices magna felis consectetur consectetur finibus varius vestibulum consectetur fermentum', '2017-10-18 12:18:49', 0, '', NULL, 0, -1),
(7700, 7697, 0, 709, 44, 'Morbi egestas dolor tortor gravida quisque condimentum egestas morbi ipsum risus tincidunt convallis egestas maecenas lorem magna', '2017-10-18 12:18:49', 0, '', NULL, 0, -1),
(7701, 0, 0, 709, 2, 'Pretium adipiscing accumsan consectetur nulla faucibus finibus consectetur ipsum faucibus', '2017-10-18 12:18:49', 1, '', NULL, 0, 0),
(7702, 7701, 0, 709, 51, 'Tristique fermentum ultrices metus accumsan dolor pretium faucibus libero laoreet vestibulum aliquam ipsum condimentum adipiscing metus', '2017-10-18 12:18:49', 1, '', NULL, 0, 0),
(7703, 7701, 0, 709, 43, 'Libero faucibus pretium mollis luctus metus ipsum', '2017-10-18 12:18:49', 1, '', NULL, 0, 0),
(7704, 0, 0, 709, 50, 'Posuere suscipit dolor mollis faucibus dolor magna maecenas feugiat dolor dolor dolor efficitur', '2017-10-18 12:18:49', 1, '', NULL, 0, 0),
(7705, 7704, 0, 709, 47, 'Ipsum consectetur mauris faucibus libero finibus vestibulum vestibulum maecenas pretium ultrices metus felis ipsum varius faucibus tristique condimentum tortor faucibus', '2017-10-18 12:18:49', 1, '', NULL, 0, 0),
(7706, 7704, 0, 709, 43, 'Morbi condimentum tortor adipiscing primis felis condimentum tristique', '2017-10-18 12:18:49', 1, '', NULL, 0, 0),
(7707, 7704, 0, 709, 45, 'Condimentum dolor ultrices mauris mauris egestas nulla felis ultrices faucibus libero mauris facilisi risus risus', '2017-10-18 12:18:49', 1, '', NULL, 0, 0),
(7708, 0, 0, 709, 50, 'Ultrices morbi tristique maecenas adipiscing varius suscipit', '2017-10-18 12:18:49', 0, '', NULL, 0, -1),
(7709, 7708, 0, 709, 51, 'Posuere tortor condimentum egestas ipsum curae dolor egestas maecenas fermentum posuere mollis', '2017-10-18 12:18:49', 0, '', NULL, 0, -1),
(7710, 7708, 0, 709, 43, 'Luctus metus vestibulum posuere purus metus finibus mauris', '2017-10-18 12:18:49', 0, '', NULL, 0, -1),
(7711, 0, 0, 710, 49, 'Ipsum fermentum aliquam gravida felis dolor purus consectetur adipiscing dolor quisque fermentum fermentum dolor finibus mauris', '2017-10-18 12:18:49', 1, '', NULL, 0, 0),
(7712, 7711, 0, 710, 52, 'Vestibulum maecenas tortor dolor quisque primis consectetur gravida consectetur', '2017-10-18 12:18:49', 1, '', NULL, 0, 0),
(7713, 7711, 0, 710, 1, 'Metus maecenas fermentum fermentum luctus efficitur vestibulum quisque', '2017-10-18 12:18:49', 1, '', NULL, 0, 0),
(7714, 7711, 0, 710, 47, 'Elementum ultrices consectetur primis dolor felis mauris luctus faucibus felis aliquam varius mollis facilisi', '2017-10-18 12:18:49', 1, '', NULL, 0, 0),
(7715, 0, 0, 710, 48, 'Feugiat mollis faucibus ipsum aliquam libero condimentum maecenas nulla finibus finibus laoreet ipsum faucibus tortor metus', '2017-10-18 12:18:49', 0, '', NULL, 0, -1),
(7716, 7715, 0, 710, 46, 'Morbi magna libero varius consectetur luctus vestibulum magna', '2017-10-18 12:18:49', 0, '', NULL, 0, -1),
(7717, 7715, 0, 710, 47, 'Faucibus tortor purus ipsum pretium accumsan faucibus dolor accumsan adipiscing', '2017-10-18 12:18:49', 0, '', NULL, 0, -1),
(7718, 0, 0, 710, 45, 'Finibus metus facilisi faucibus mauris mollis maecenas varius condimentum faucibus faucibus feugiat tristique luctus consectetur suscipit', '2017-10-18 12:18:49', 1, '', NULL, 0, 1),
(7719, 7718, 0, 710, 50, 'Faucibus primis tristique tincidunt fermentum suscipit posuere metus mollis', '2017-10-18 12:18:49', 1, '', NULL, 0, 1),
(7720, 7718, 0, 710, 44, 'Ipsum mauris mauris feugiat tristique risus metus mollis mollis convallis faucibus consectetur facilisi', '2017-10-18 12:18:49', 1, '', NULL, 0, 1),
(7721, 7718, 0, 710, 48, 'Libero consectetur fermentum egestas dolor fermentum consectetur feugiat', '2017-10-18 12:18:49', 1, '', NULL, 0, 1),
(7722, 0, 0, 710, 52, 'Faucibus egestas convallis elementum fermentum tincidunt consectetur maecenas', '2017-10-18 12:18:49', 1, '', NULL, 0, 1),
(7723, 7722, 0, 710, 44, 'Fermentum faucibus aliquam ipsum gravida mauris vestibulum lorem', '2017-10-18 12:18:50', 1, '', NULL, 0, 1),
(7724, 7722, 0, 710, 1, 'Luctus consectetur fermentum luctus magna egestas libero tortor tortor condimentum metus magna dolor adipiscing purus faucibus faucibus magna luctus', '2017-10-18 12:18:50', 1, '', NULL, 0, 1),
(7725, 0, 0, 711, 46, 'Metus luctus purus metus pretium magna finibus tortor ipsum vestibulum facilisi mauris faucibus faucibus maecenas finibus vestibulum primis consectetur purus', '2017-10-18 12:18:50', 1, '', NULL, 0, 1),
(7726, 7725, 0, 711, 47, 'Faucibus ipsum maecenas elementum efficitur aliquam varius vestibulum adipiscing mollis lorem dolor condimentum mollis faucibus faucibus feugiat libero laoreet', '2017-10-18 12:18:50', 1, '', NULL, 0, 1),
(7727, 7725, 0, 711, 52, 'Morbi luctus faucibus libero purus libero adipiscing quisque faucibus mollis laoreet faucibus feugiat primis quisque luctus ipsum', '2017-10-18 12:18:50', 1, '', NULL, 0, 1),
(7728, 0, 0, 711, 48, 'Faucibus dolor fermentum magna curae magna consectetur finibus convallis risus metus ipsum dolor magna tristique suscipit convallis', '2017-10-18 12:18:50', 0, '', NULL, 0, -1),
(7729, 7728, 0, 711, 1, 'Ipsum feugiat mollis fermentum varius cubilia gravida gravida convallis laoreet metus ultrices luctus adipiscing risus tristique', '2017-10-18 12:18:50', 0, '', NULL, 0, -1),
(7730, 7728, 0, 711, 51, 'Risus purus fermentum morbi dolor risus vestibulum magna condimentum tortor efficitur primis vestibulum mollis dolor suscipit magna curae faucibus elementum', '2017-10-18 12:18:50', 0, '', NULL, 0, -1),
(7731, 7728, 0, 711, 48, 'Consectetur cubilia mauris tristique tortor metus tincidunt consectetur dolor efficitur lorem ultrices libero feugiat quisque quisque', '2017-10-18 12:18:50', 0, '', NULL, 0, -1),
(7732, 0, 0, 711, 50, 'Accumsan mauris aliquam metus nulla dolor purus adipiscing ultrices metus dolor elementum ipsum nulla faucibus mollis gravida accumsan aliquam fermentum', '2017-10-18 12:18:50', 1, '', NULL, 0, 0),
(7733, 7732, 0, 711, 1, 'Faucibus fermentum aliquam primis faucibus tortor efficitur fermentum cubilia quisque egestas maecenas risus consectetur adipiscing', '2017-10-18 12:18:50', 1, '', NULL, 0, 0),
(7734, 7732, 0, 711, 50, 'Faucibus quisque felis ipsum fermentum finibus faucibus faucibus dolor quisque risus gravida metus consectetur', '2017-10-18 12:18:50', 1, '', NULL, 0, 0),
(7735, 0, 0, 711, 51, 'Condimentum suscipit ipsum pretium magna mauris dolor primis', '2017-10-18 12:18:50', 1, '', NULL, 0, 1),
(7736, 7735, 0, 711, 46, 'Libero ipsum magna tortor mollis metus primis vestibulum mauris', '2017-10-18 12:18:50', 1, '', NULL, 0, 1),
(7737, 7735, 0, 711, 1, 'Metus faucibus luctus magna consectetur accumsan facilisi lorem faucibus finibus accumsan quisque consectetur felis maecenas efficitur laoreet', '2017-10-18 12:18:50', 1, '', NULL, 0, 1),
(7738, 7735, 0, 711, 46, 'Adipiscing elementum aliquam aliquam consectetur mollis facilisi risus faucibus aliquam metus tristique convallis adipiscing elementum pretium condimentum finibus magna quisque', '2017-10-18 12:18:50', 1, '', NULL, 0, 1),
(7739, 0, 0, 712, 50, 'Morbi tincidunt faucibus accumsan faucibus suscipit pretium convallis', '2017-10-18 12:18:50', 0, '', NULL, 0, -1),
(7740, 7739, 0, 712, 43, 'Felis magna adipiscing curae laoreet facilisi faucibus', '2017-10-18 12:18:50', 0, '', NULL, 0, -1),
(7741, 7739, 0, 712, 48, 'Cubilia tincidunt metus finibus mollis curae morbi elementum magna condimentum faucibus vestibulum feugiat faucibus convallis tristique purus primis', '2017-10-18 12:18:50', 0, '', NULL, 0, -1),
(7742, 0, 0, 712, 46, 'Libero mollis condimentum laoreet vestibulum finibus condimentum maecenas quisque feugiat risus posuere ipsum luctus feugiat mauris condimentum', '2017-10-18 12:18:50', 1, '', NULL, 0, 0),
(7743, 7742, 0, 712, 52, 'Maecenas ultrices lorem fermentum feugiat tortor finibus consectetur luctus feugiat quisque magna consectetur maecenas adipiscing finibus metus feugiat tincidunt', '2017-10-18 12:18:50', 1, '', NULL, 0, 0),
(7744, 7742, 0, 712, 1, 'Faucibus luctus vestibulum faucibus faucibus finibus efficitur pretium', '2017-10-18 12:18:50', 1, '', NULL, 0, 0),
(7745, 7742, 0, 712, 47, 'Magna ipsum aliquam tristique cubilia consectetur vestibulum convallis', '2017-10-18 12:18:50', 1, '', NULL, 0, 0),
(7746, 0, 0, 712, 47, 'Nulla nulla ipsum mauris suscipit facilisi vestibulum libero egestas magna feugiat risus faucibus mauris tincidunt elementum lorem faucibus mauris laoreet', '2017-10-18 12:18:50', 0, '', NULL, 0, -1),
(7747, 7746, 0, 712, 2, 'Metus faucibus primis tristique fermentum vestibulum laoreet tincidunt ipsum felis risus', '2017-10-18 12:18:50', 0, '', NULL, 0, -1),
(7748, 7746, 0, 712, 51, 'Felis mollis quisque pretium faucibus finibus varius consectetur mauris', '2017-10-18 12:18:50', 0, '', NULL, 0, -1),
(7749, 0, 0, 713, 43, 'Feugiat laoreet consectetur varius ultrices varius maecenas metus faucibus morbi tristique morbi metus metus pretium primis aliquam faucibus convallis primis', '2017-10-18 12:18:50', 1, '', NULL, 0, 0),
(7750, 7749, 0, 713, 48, 'Adipiscing ipsum finibus pretium aliquam tincidunt convallis feugiat luctus vestibulum facilisi fermentum mollis tortor tristique condimentum mollis consectetur', '2017-10-18 12:18:50', 1, '', NULL, 0, 0),
(7751, 7749, 0, 713, 44, 'Cubilia luctus maecenas mauris consectetur primis nulla magna cubilia faucibus consectetur gravida posuere dolor accumsan gravida', '2017-10-18 12:18:50', 1, '', NULL, 0, 0),
(7752, 7749, 0, 713, 46, 'Mollis magna convallis metus metus nulla cubilia', '2017-10-18 12:18:50', 1, '', NULL, 0, 0),
(7753, 0, 0, 713, 46, 'Facilisi feugiat finibus faucibus maecenas felis tortor ipsum accumsan elementum libero', '2017-10-18 12:18:50', 0, '', NULL, 0, -1),
(7754, 7753, 0, 713, 48, 'Accumsan faucibus curae suscipit lorem luctus efficitur morbi tristique felis purus primis facilisi convallis', '2017-10-18 12:18:50', 0, '', NULL, 0, -1),
(7755, 7753, 0, 713, 44, 'Consectetur tortor quisque posuere faucibus posuere tristique fermentum maecenas feugiat primis', '2017-10-18 12:18:50', 0, '', NULL, 0, -1),
(7756, 0, 0, 713, 1, 'Magna mauris posuere mauris lorem faucibus nulla', '2017-10-18 12:18:50', 0, '', NULL, 0, -1),
(7757, 7756, 0, 713, 50, 'Gravida cubilia aliquam condimentum dolor tortor ipsum', '2017-10-18 12:18:50', 0, '', NULL, 0, -1),
(7758, 7756, 0, 713, 45, 'Convallis fermentum magna fermentum convallis quisque lorem faucibus mauris convallis mollis morbi mauris consectetur ipsum tincidunt consectetur finibus', '2017-10-18 12:18:50', 0, '', NULL, 0, -1),
(7759, 7756, 0, 713, 44, 'Adipiscing suscipit adipiscing faucibus posuere fermentum finibus vestibulum egestas consectetur aliquam magna mollis convallis faucibus faucibus faucibus', '2017-10-18 12:18:50', 0, '', NULL, 0, -1),
(7760, 0, 0, 713, 44, 'Faucibus mauris maecenas varius faucibus vestibulum tortor mollis tincidunt metus', '2017-10-18 12:18:50', 0, '', NULL, 0, -1),
(7761, 7760, 0, 713, 50, 'Metus finibus felis tincidunt aliquam fermentum nulla feugiat finibus purus lorem nulla', '2017-10-18 12:18:50', 0, '', NULL, 0, -1),
(7762, 7760, 0, 713, 47, 'Lorem elementum consectetur aliquam condimentum ipsum posuere gravida curae laoreet laoreet ipsum gravida condimentum facilisi ultrices', '2017-10-18 12:18:50', 0, '', NULL, 0, -1),
(7763, 0, 0, 714, 44, 'Libero purus mauris mollis fermentum luctus accumsan libero vestibulum mollis tristique accumsan', '2017-10-18 12:18:50', 1, '', NULL, 0, 0),
(7764, 7763, 0, 714, 45, 'Mollis metus nulla faucibus aliquam magna quisque felis fermentum risus consectetur tristique felis', '2017-10-18 12:18:50', 1, '', NULL, 0, 0),
(7765, 7763, 0, 714, 43, 'Consectetur adipiscing posuere finibus facilisi ipsum ultrices metus faucibus posuere adipiscing metus condimentum magna tincidunt risus fermentum nulla', '2017-10-18 12:18:50', 1, '', NULL, 0, 0),
(7766, 7763, 0, 714, 43, 'Mauris adipiscing vestibulum condimentum condimentum metus tristique consectetur pretium faucibus vestibulum', '2017-10-18 12:18:50', 1, '', NULL, 0, 0),
(7767, 0, 0, 714, 50, 'Condimentum ipsum ipsum vestibulum faucibus cubilia ipsum luctus elementum primis condimentum ultrices finibus', '2017-10-18 12:18:50', 0, '', NULL, 0, -1),
(7768, 7767, 0, 714, 43, 'Purus consectetur convallis magna facilisi consectetur curae posuere magna vestibulum feugiat feugiat egestas metus pretium luctus faucibus morbi cubilia', '2017-10-18 12:18:51', 0, '', NULL, 0, -1);
INSERT INTO `comments` (`id_comment`, `id_parent_comment`, `nested_level`, `id_article`, `id_user`, `text`, `date`, `is_published`, `like_ok`, `dislike`, `not_recommend`, `recommend`) VALUES
(7769, 7767, 0, 714, 1, 'Consectetur posuere morbi tincidunt ipsum gravida condimentum suscipit pretium consectetur felis consectetur dolor libero', '2017-10-18 12:18:51', 0, '', NULL, 0, -1),
(7770, 0, 0, 714, 1, 'Finibus tortor magna egestas risus lorem tristique feugiat adipiscing feugiat metus mollis', '2017-10-18 12:18:51', 0, '', NULL, 0, -1),
(7771, 7770, 0, 714, 49, 'Faucibus mauris tincidunt magna curae dolor finibus facilisi libero ultrices quisque lorem', '2017-10-18 12:18:51', 0, '', NULL, 0, -1),
(7772, 7770, 0, 714, 46, 'Tortor gravida efficitur faucibus maecenas condimentum metus consectetur faucibus finibus mauris magna ipsum mollis consectetur faucibus', '2017-10-18 12:18:51', 0, '', NULL, 0, -1),
(7773, 7770, 0, 714, 49, 'Ipsum libero consectetur cubilia fermentum faucibus luctus dolor primis primis', '2017-10-18 12:18:51', 0, '', NULL, 0, -1),
(7774, 0, 0, 715, 50, 'Vestibulum tincidunt lorem efficitur faucibus mauris maecenas curae quisque elementum', '2017-10-18 12:18:51', 0, '', NULL, 0, -1),
(7775, 7774, 0, 715, 45, 'Efficitur fermentum consectetur primis primis adipiscing consectetur consectetur faucibus feugiat finibus finibus ipsum elementum', '2017-10-18 12:18:51', 0, '', NULL, 0, -1),
(7776, 7774, 0, 715, 46, 'Quisque convallis finibus posuere magna mollis ipsum tincidunt suscipit aliquam libero varius feugiat maecenas faucibus dolor', '2017-10-18 12:18:51', 0, '', NULL, 0, -1),
(7777, 7774, 0, 715, 45, 'Cubilia luctus ipsum adipiscing tincidunt egestas curae pretium varius adipiscing feugiat felis libero condimentum posuere finibus mollis primis', '2017-10-18 12:18:51', 0, '', NULL, 0, -1),
(7778, 0, 0, 715, 52, 'Ipsum ipsum posuere magna varius mauris tortor vestibulum', '2017-10-18 12:18:51', 1, '', NULL, 0, 0),
(7779, 7778, 0, 715, 48, 'Pretium dolor lorem quisque cubilia lorem fermentum mauris magna pretium convallis condimentum quisque', '2017-10-18 12:18:51', 1, '', NULL, 0, 0),
(7780, 7778, 0, 715, 2, 'Dolor felis accumsan efficitur ipsum risus fermentum adipiscing dolor vestibulum posuere feugiat condimentum nulla cubilia luctus adipiscing varius magna', '2017-10-18 12:18:51', 1, '', NULL, 0, 0),
(7781, 0, 0, 715, 1, 'Consectetur tristique faucibus tortor libero ipsum metus tristique feugiat egestas accumsan lorem finibus cubilia ipsum vestibulum purus convallis mollis tristique', '2017-10-18 12:18:51', 1, '', NULL, 0, 1),
(7782, 7781, 0, 715, 49, 'Dolor condimentum varius risus quisque cubilia magna finibus luctus consectetur metus finibus laoreet ipsum mauris tristique dolor efficitur magna', '2017-10-18 12:18:51', 1, '', NULL, 0, 1),
(7783, 7781, 0, 715, 48, 'Faucibus dolor tortor curae lorem felis metus varius fermentum metus ultrices posuere mollis vestibulum pretium mollis gravida condimentum', '2017-10-18 12:18:51', 1, '', NULL, 0, 1),
(7784, 0, 0, 715, 52, 'Tristique tristique metus mauris magna luctus consectetur aliquam risus', '2017-10-18 12:18:51', 1, '', NULL, 0, 0),
(7785, 7784, 0, 715, 43, 'Fermentum facilisi posuere morbi dolor gravida consectetur consectetur faucibus', '2017-10-18 12:18:51', 1, '', NULL, 0, 0),
(7786, 7784, 0, 715, 1, 'Primis cubilia quisque condimentum purus luctus posuere tincidunt posuere faucibus magna aliquam magna risus mauris suscipit mollis', '2017-10-18 12:18:51', 1, '', NULL, 0, 0),
(7787, 0, 0, 716, 47, 'Finibus consectetur dolor maecenas elementum convallis egestas facilisi finibus curae consectetur faucibus convallis posuere facilisi', '2017-10-18 12:18:51', 1, '', NULL, 0, 0),
(7788, 7787, 0, 716, 51, 'Mollis faucibus consectetur faucibus curae finibus curae tristique faucibus nulla ipsum consectetur cubilia suscipit', '2017-10-18 12:18:51', 1, '', NULL, 0, 0),
(7789, 7787, 0, 716, 43, 'Nulla ipsum elementum faucibus pretium faucibus egestas luctus feugiat gravida tortor magna faucibus ipsum', '2017-10-18 12:18:51', 1, '', NULL, 0, 0),
(7790, 0, 0, 716, 47, 'Cubilia pretium magna finibus pretium consectetur varius gravida purus varius faucibus consectetur vestibulum facilisi tristique cubilia mauris', '2017-10-18 12:18:51', 0, '', NULL, 0, -1),
(7791, 7790, 0, 716, 47, 'Faucibus metus finibus fermentum faucibus mauris luctus', '2017-10-18 12:18:51', 0, '', NULL, 0, -1),
(7792, 7790, 0, 716, 47, 'Dolor quisque tristique maecenas maecenas consectetur accumsan primis egestas felis tincidunt vestibulum faucibus felis quisque lorem tortor', '2017-10-18 12:18:51', 0, '', NULL, 0, -1),
(7793, 0, 0, 716, 44, 'Aliquam convallis varius facilisi pretium dolor suscipit lorem dolor mollis varius ipsum consectetur metus mollis varius risus condimentum curae finibus', '2017-10-18 12:18:51', 1, '', NULL, 0, 0),
(7794, 7793, 0, 716, 43, 'Morbi metus consectetur convallis metus maecenas mollis tristique felis cubilia suscipit purus cubilia mollis efficitur mauris efficitur metus maecenas', '2017-10-18 12:18:51', 1, '', NULL, 0, 0),
(7795, 7793, 0, 716, 52, 'Posuere magna mollis facilisi fermentum elementum mauris tristique risus dolor risus magna tincidunt', '2017-10-18 12:18:51', 1, '', NULL, 0, 0),
(7796, 7793, 0, 716, 45, 'Tincidunt fermentum quisque fermentum adipiscing risus ipsum', '2017-10-18 12:18:51', 1, '', NULL, 0, 0),
(7797, 0, 0, 716, 2, 'Luctus feugiat mauris consectetur consectetur accumsan condimentum fermentum faucibus consectetur convallis', '2017-10-18 12:18:51', 1, '', NULL, 0, 1),
(7798, 7797, 0, 716, 43, 'Curae risus quisque metus ipsum finibus mollis libero magna risus gravida', '2017-10-18 12:18:51', 1, '', NULL, 0, 1),
(7799, 7797, 0, 716, 47, 'Risus mauris faucibus fermentum metus faucibus efficitur primis luctus consectetur', '2017-10-18 12:18:51', 1, '', NULL, 0, 1),
(7800, 0, 0, 717, 51, 'Accumsan tristique metus faucibus mollis magna vestibulum adipiscing mollis morbi quisque elementum nulla felis consectetur elementum accumsan', '2017-10-18 12:18:51', 0, '', NULL, 0, -1),
(7801, 7800, 0, 717, 51, 'Metus maecenas felis purus vestibulum accumsan faucibus mollis ultrices maecenas faucibus elementum faucibus morbi', '2017-10-18 12:18:51', 0, '', NULL, 0, -1),
(7802, 7800, 0, 717, 44, 'Condimentum efficitur metus tortor consectetur tortor libero finibus mauris finibus suscipit faucibus cubilia maecenas', '2017-10-18 12:18:51', 0, '', NULL, 0, -1),
(7803, 7800, 0, 717, 50, 'Morbi ipsum laoreet dolor quisque consectetur condimentum purus convallis posuere felis nulla magna consectetur accumsan aliquam accumsan', '2017-10-18 12:18:51', 0, '', NULL, 0, -1),
(7804, 0, 0, 717, 47, 'Facilisi aliquam finibus felis varius metus primis', '2017-10-18 12:18:51', 0, '', NULL, 0, -1),
(7805, 7804, 0, 717, 2, 'Vestibulum metus consectetur pretium fermentum mollis metus varius aliquam fermentum efficitur quisque fermentum consectetur tortor magna elementum nulla metus', '2017-10-18 12:18:51', 0, '', NULL, 0, -1),
(7806, 7804, 0, 717, 47, 'Lorem condimentum cubilia efficitur posuere condimentum magna faucibus accumsan purus consectetur facilisi risus aliquam magna posuere', '2017-10-18 12:18:51', 0, '', NULL, 0, -1),
(7807, 7804, 0, 717, 48, 'Pretium vestibulum purus tincidunt faucibus curae metus adipiscing aliquam ipsum magna condimentum tortor egestas primis', '2017-10-18 12:18:51', 0, '', NULL, 0, -1),
(7808, 0, 0, 717, 45, 'Suscipit quisque aliquam ultrices faucibus tortor ipsum aliquam consectetur condimentum laoreet ipsum luctus ipsum magna', '2017-10-18 12:18:51', 0, '', NULL, 0, -1),
(7809, 7808, 0, 717, 1, 'Efficitur fermentum metus ipsum pretium pretium magna elementum faucibus mauris condimentum fermentum faucibus', '2017-10-18 12:18:51', 0, '', NULL, 0, -1),
(7810, 7808, 0, 717, 47, 'Consectetur magna maecenas condimentum maecenas tortor primis felis nulla finibus mauris mauris dolor', '2017-10-18 12:18:51', 0, '', NULL, 0, -1),
(7811, 7808, 0, 717, 47, 'Primis luctus mauris purus facilisi laoreet elementum faucibus efficitur tincidunt accumsan magna consectetur fermentum pretium elementum', '2017-10-18 12:18:51', 0, '', NULL, 0, -1),
(7812, 0, 0, 717, 48, 'Primis vestibulum accumsan fermentum dolor ipsum luctus cubilia ipsum finibus faucibus pretium', '2017-10-18 12:18:51', 1, '', NULL, 0, 1),
(7813, 7812, 0, 717, 52, 'Quisque feugiat aliquam elementum consectetur posuere suscipit felis egestas ultrices accumsan maecenas felis', '2017-10-18 12:18:51', 1, '', NULL, 0, 1),
(7814, 7812, 0, 717, 45, 'Quisque posuere accumsan curae consectetur suscipit ipsum accumsan mollis morbi felis faucibus faucibus egestas metus lorem dolor mollis efficitur ipsum', '2017-10-18 12:18:51', 1, '', NULL, 0, 1),
(7815, 0, 0, 718, 46, 'Aliquam ipsum metus facilisi faucibus facilisi egestas fermentum efficitur tincidunt fermentum condimentum tortor mollis mauris vestibulum feugiat tristique purus', '2017-10-18 12:18:52', 0, '', NULL, 0, -1),
(7816, 7815, 0, 718, 48, 'Primis felis libero vestibulum libero libero condimentum vestibulum facilisi pretium quisque accumsan pretium condimentum adipiscing quisque consectetur finibus consectetur pretium', '2017-10-18 12:18:52', 0, '', NULL, 0, -1),
(7817, 7815, 0, 718, 46, 'Purus magna purus varius dolor mauris nulla felis ipsum mauris primis accumsan dolor mollis tortor metus risus', '2017-10-18 12:18:52', 0, '', NULL, 0, -1),
(7818, 0, 0, 718, 48, 'Finibus consectetur metus feugiat fermentum cubilia dolor adipiscing aliquam pretium mollis feugiat maecenas mollis faucibus facilisi', '2017-10-18 12:18:52', 0, '', NULL, 0, -1),
(7819, 7818, 0, 718, 49, 'Tincidunt faucibus fermentum consectetur consectetur gravida dolor metus posuere aliquam convallis faucibus mauris', '2017-10-18 12:18:52', 0, '', NULL, 0, -1),
(7820, 7818, 0, 718, 1, 'Felis ipsum metus consectetur condimentum egestas aliquam dolor tincidunt tincidunt finibus', '2017-10-18 12:18:52', 0, '', NULL, 0, -1),
(7821, 0, 0, 718, 51, 'Felis efficitur faucibus faucibus primis accumsan quisque mollis dolor gravida curae primis tincidunt', '2017-10-18 12:18:52', 1, '', NULL, 0, 1),
(7822, 7821, 0, 718, 44, 'Consectetur condimentum primis magna quisque consectetur cubilia varius ipsum metus curae facilisi', '2017-10-18 12:18:52', 1, '', NULL, 0, 1),
(7823, 7821, 0, 718, 46, 'Morbi consectetur mauris ultrices nulla tristique nulla gravida vestibulum ipsum mollis', '2017-10-18 12:18:52', 1, '', NULL, 0, 1),
(7824, 0, 0, 719, 46, 'Tristique magna metus consectetur elementum finibus vestibulum cubilia ipsum aliquam ipsum primis egestas ultrices feugiat', '2017-10-18 12:18:52', 1, '', NULL, 0, 1),
(7825, 7824, 0, 719, 46, 'Tristique dolor adipiscing nulla fermentum luctus purus accumsan magna laoreet maecenas', '2017-10-18 12:18:52', 1, '', NULL, 0, 1),
(7826, 7824, 0, 719, 2, 'Posuere pretium nulla purus tincidunt magna feugiat vestibulum maecenas faucibus efficitur mauris', '2017-10-18 12:18:52', 1, '', NULL, 0, 1),
(7827, 7824, 0, 719, 2, 'Libero dolor faucibus consectetur finibus mollis tortor condimentum tortor aliquam gravida', '2017-10-18 12:18:52', 1, '', NULL, 0, 1),
(7828, 0, 0, 719, 2, 'Risus mauris condimentum libero morbi faucibus faucibus', '2017-10-18 12:18:52', 0, '', NULL, 0, -1),
(7829, 7828, 0, 719, 52, 'Lorem fermentum primis finibus curae cubilia magna aliquam', '2017-10-18 12:18:52', 0, '', NULL, 0, -1),
(7830, 7828, 0, 719, 45, 'Mollis consectetur faucibus posuere consectetur accumsan accumsan curae consectetur purus cubilia fermentum gravida fermentum ipsum maecenas', '2017-10-18 12:18:52', 0, '', NULL, 0, -1),
(7831, 0, 0, 719, 43, 'Magna morbi magna luctus condimentum tortor libero finibus metus luctus', '2017-10-18 12:18:52', 0, '', NULL, 0, -1),
(7832, 7831, 0, 719, 51, 'Faucibus faucibus dolor accumsan metus magna curae mauris pretium faucibus ipsum vestibulum aliquam faucibus convallis mauris varius feugiat mollis', '2017-10-18 12:18:52', 0, '', NULL, 0, -1),
(7833, 7831, 0, 719, 45, 'Aliquam consectetur consectetur mauris faucibus suscipit posuere faucibus', '2017-10-18 12:18:52', 0, '', NULL, 0, -1),
(7834, 0, 0, 720, 49, 'Egestas mollis condimentum maecenas fermentum condimentum elementum lorem tortor quisque condimentum posuere mauris luctus consectetur risus fermentum', '2017-10-18 12:18:52', 1, '', NULL, 0, 0),
(7835, 7834, 0, 720, 47, 'Fermentum finibus accumsan consectetur convallis fermentum magna faucibus maecenas magna egestas faucibus pretium', '2017-10-18 12:18:52', 1, '', NULL, 0, 0),
(7836, 7834, 0, 720, 45, 'Elementum aliquam finibus tristique convallis vestibulum purus mollis vestibulum condimentum consectetur morbi metus ipsum magna', '2017-10-18 12:18:52', 1, '', NULL, 0, 0),
(7837, 0, 0, 720, 51, 'Maecenas maecenas aliquam consectetur facilisi luctus primis consectetur adipiscing mauris finibus metus aliquam egestas convallis luctus accumsan mollis', '2017-10-18 12:18:52', 1, '', NULL, 0, 0),
(7838, 7837, 0, 720, 43, 'Risus elementum efficitur faucibus faucibus accumsan finibus posuere', '2017-10-18 12:18:52', 1, '', NULL, 0, 0),
(7839, 7837, 0, 720, 46, 'Primis ipsum mollis vestibulum tristique gravida feugiat posuere finibus', '2017-10-18 12:18:52', 1, '', NULL, 0, 0),
(7840, 0, 0, 720, 52, 'Pretium faucibus convallis faucibus aliquam adipiscing accumsan', '2017-10-18 12:18:52', 1, '', NULL, 0, 1),
(7841, 7840, 0, 720, 46, 'Primis consectetur mollis finibus varius fermentum dolor laoreet tristique cubilia faucibus risus condimentum dolor', '2017-10-18 12:18:52', 1, '', NULL, 0, 1),
(7842, 7840, 0, 720, 52, 'Risus pretium faucibus fermentum consectetur morbi efficitur lorem nulla mollis egestas maecenas risus accumsan tincidunt varius vestibulum elementum', '2017-10-18 12:18:52', 1, '', NULL, 0, 1),
(7843, 0, 0, 720, 50, 'Consectetur elementum fermentum purus consectetur mollis gravida libero finibus', '2017-10-18 12:18:52', 1, '', NULL, 0, 1),
(7844, 7843, 0, 720, 2, 'Maecenas laoreet maecenas ultrices faucibus convallis magna tincidunt finibus elementum egestas convallis faucibus feugiat mollis dolor condimentum', '2017-10-18 12:18:52', 1, '', NULL, 0, 1),
(7845, 7843, 0, 720, 44, 'Aliquam faucibus facilisi faucibus consectetur facilisi fermentum dolor fermentum nulla varius primis cubilia condimentum', '2017-10-18 12:18:52', 1, '', NULL, 0, 1),
(7846, 0, 0, 721, 51, 'Purus faucibus primis morbi pretium ipsum faucibus cubilia', '2017-10-18 12:18:52', 1, '', NULL, 0, 1),
(7847, 7846, 0, 721, 2, 'Mauris convallis metus condimentum ultrices ultrices maecenas condimentum tortor tortor pretium vestibulum tristique quisque maecenas feugiat', '2017-10-18 12:18:52', 1, '', NULL, 0, 1),
(7848, 7846, 0, 721, 45, 'Cubilia accumsan condimentum curae feugiat faucibus ultrices finibus fermentum', '2017-10-18 12:18:52', 1, '', NULL, 0, 1),
(7849, 7846, 0, 721, 52, 'Faucibus lorem consectetur egestas ultrices risus primis faucibus ultrices maecenas curae', '2017-10-18 12:18:52', 1, '', NULL, 0, 1),
(7850, 0, 0, 721, 48, 'Curae felis felis ipsum purus egestas morbi tortor laoreet tristique egestas mollis finibus mollis primis tincidunt tincidunt facilisi quisque mauris', '2017-10-18 12:18:52', 1, '', NULL, 0, 0),
(7851, 7850, 0, 721, 49, 'Fermentum convallis adipiscing consectetur elementum felis dolor tortor', '2017-10-18 12:18:52', 1, '', NULL, 0, 0),
(7852, 7850, 0, 721, 45, 'Felis nulla fermentum libero accumsan magna efficitur laoreet posuere condimentum ultrices convallis dolor consectetur mollis tristique metus libero mauris', '2017-10-18 12:18:52', 1, '', NULL, 0, 0),
(7853, 0, 0, 721, 44, 'Laoreet metus magna morbi cubilia tincidunt purus tincidunt adipiscing facilisi facilisi posuere tristique metus faucibus convallis vestibulum fermentum mollis', '2017-10-18 12:18:52', 1, '', NULL, 0, 1),
(7854, 7853, 0, 721, 48, 'Maecenas laoreet feugiat faucibus fermentum lorem feugiat curae maecenas faucibus', '2017-10-18 12:18:52', 1, '', NULL, 0, 1),
(7855, 7853, 0, 721, 44, 'Purus metus adipiscing dolor elementum fermentum finibus ipsum tincidunt laoreet', '2017-10-18 12:18:52', 1, '', NULL, 0, 1),
(7856, 7853, 0, 721, 1, 'Mollis pretium finibus efficitur gravida faucibus maecenas tortor suscipit finibus faucibus', '2017-10-18 12:18:52', 1, '', NULL, 0, 1),
(7857, 0, 0, 721, 44, 'Egestas libero mollis pretium faucibus finibus felis', '2017-10-18 12:18:52', 1, '', NULL, 0, 1),
(7858, 7857, 0, 721, 52, 'Risus ultrices tortor facilisi tortor varius ipsum condimentum condimentum efficitur faucibus ultrices dolor pretium metus fermentum luctus aliquam', '2017-10-18 12:18:52', 1, '', NULL, 0, 1),
(7859, 7857, 0, 721, 1, 'Laoreet condimentum tortor fermentum nulla adipiscing fermentum maecenas faucibus purus purus', '2017-10-18 12:18:53', 1, '', NULL, 0, 1),
(7860, 7857, 0, 721, 49, 'Consectetur libero laoreet laoreet cubilia condimentum lorem posuere efficitur adipiscing elementum accumsan cubilia mauris vestibulum', '2017-10-18 12:18:53', 1, '', NULL, 0, 1),
(7861, 0, 0, 722, 52, 'Vestibulum facilisi egestas tincidunt dolor quisque vestibulum consectetur dolor', '2017-10-18 12:18:53', 1, '', NULL, 0, 1),
(7862, 7861, 0, 722, 52, 'Efficitur tristique maecenas facilisi efficitur egestas vestibulum dolor ultrices consectetur tincidunt adipiscing posuere mollis', '2017-10-18 12:18:53', 1, '', NULL, 0, 1),
(7863, 7861, 0, 722, 49, 'Luctus convallis ultrices magna curae metus fermentum morbi convallis dolor faucibus mauris finibus posuere elementum metus', '2017-10-18 12:18:53', 1, '', NULL, 0, 1),
(7864, 0, 0, 722, 51, 'Faucibus metus feugiat varius libero quisque curae consectetur varius risus elementum metus', '2017-10-18 12:18:53', 0, '', NULL, 0, -1),
(7865, 7864, 0, 722, 46, 'Gravida purus tincidunt risus magna tincidunt consectetur nulla accumsan ultrices ultrices curae gravida finibus condimentum faucibus elementum tincidunt efficitur', '2017-10-18 12:18:53', 0, '', NULL, 0, -1),
(7866, 7864, 0, 722, 48, 'Tortor varius consectetur condimentum mauris mauris pretium morbi suscipit egestas tristique posuere gravida quisque faucibus purus finibus laoreet ipsum mauris', '2017-10-18 12:18:53', 0, '', NULL, 0, -1),
(7867, 7864, 0, 722, 50, 'Gravida convallis mauris gravida faucibus egestas consectetur cubilia morbi finibus metus tristique convallis mauris vestibulum', '2017-10-18 12:18:53', 0, '', NULL, 0, -1),
(7868, 0, 0, 722, 2, 'Mauris dolor egestas finibus maecenas vestibulum cubilia ipsum', '2017-10-18 12:18:53', 1, '', NULL, 0, 1),
(7869, 7868, 0, 722, 52, 'Ipsum curae gravida maecenas efficitur adipiscing maecenas elementum adipiscing cubilia efficitur nulla finibus mauris magna consectetur curae ipsum vestibulum quisque', '2017-10-18 12:18:53', 1, '', NULL, 0, 1),
(7870, 7868, 0, 722, 43, 'Faucibus tortor condimentum mauris fermentum mollis posuere adipiscing', '2017-10-18 12:18:53', 1, '', NULL, 0, 1),
(7871, 7868, 0, 722, 51, 'Mauris condimentum primis condimentum tortor consectetur efficitur varius magna pretium', '2017-10-18 12:18:53', 1, '', NULL, 0, 1),
(7872, 0, 0, 723, 48, 'Primis faucibus facilisi nulla accumsan adipiscing feugiat lorem morbi accumsan magna', '2017-10-18 12:18:53', 0, '', NULL, 0, -1),
(7873, 7872, 0, 723, 52, 'Curae aliquam condimentum finibus fermentum pretium mauris', '2017-10-18 12:18:53', 0, '', NULL, 0, -1),
(7874, 7872, 0, 723, 45, 'Libero fermentum tincidunt dolor consectetur felis egestas cubilia', '2017-10-18 12:18:53', 0, '', NULL, 0, -1),
(7875, 7872, 0, 723, 47, 'Ipsum ultrices adipiscing accumsan laoreet efficitur dolor tincidunt elementum mauris elementum adipiscing condimentum magna morbi', '2017-10-18 12:18:53', 0, '', NULL, 0, -1),
(7876, 0, 0, 723, 2, 'Purus consectetur morbi posuere convallis nulla ipsum faucibus', '2017-10-18 12:18:53', 0, '', NULL, 0, -1),
(7877, 7876, 0, 723, 44, 'Risus faucibus egestas condimentum faucibus primis faucibus feugiat', '2017-10-18 12:18:53', 0, '', NULL, 0, -1),
(7878, 7876, 0, 723, 49, 'Faucibus luctus consectetur mauris curae fermentum tortor purus risus quisque condimentum facilisi varius ipsum varius condimentum maecenas metus feugiat adipiscing', '2017-10-18 12:18:53', 0, '', NULL, 0, -1),
(7879, 7876, 0, 723, 1, 'Tristique ultrices finibus lorem condimentum vestibulum posuere vestibulum adipiscing accumsan', '2017-10-18 12:18:53', 0, '', NULL, 0, -1),
(7880, 0, 0, 723, 51, 'Metus vestibulum accumsan metus libero vestibulum ipsum mauris adipiscing mollis', '2017-10-18 12:18:53', 1, '', NULL, 0, 0),
(7881, 7880, 0, 723, 1, 'Metus libero gravida gravida mollis facilisi mollis consectetur', '2017-10-18 12:18:53', 1, '', NULL, 0, 0),
(7882, 7880, 0, 723, 47, 'Purus consectetur lorem luctus maecenas primis faucibus metus', '2017-10-18 12:18:53', 1, '', NULL, 0, 0),
(7883, 0, 0, 723, 49, 'Facilisi libero dolor feugiat tincidunt mauris finibus condimentum', '2017-10-18 12:18:53', 0, '', NULL, 0, -1),
(7884, 7883, 0, 723, 2, 'Aliquam quisque egestas risus faucibus morbi nulla convallis faucibus mollis fermentum posuere feugiat maecenas cubilia curae vestibulum', '2017-10-18 12:18:53', 0, '', NULL, 0, -1),
(7885, 7883, 0, 723, 1, 'Tincidunt consectetur convallis libero varius mollis faucibus posuere', '2017-10-18 12:18:53', 0, '', NULL, 0, -1),
(7886, 7883, 0, 723, 45, 'Mollis mollis dolor elementum mauris consectetur varius faucibus', '2017-10-18 12:18:53', 0, '', NULL, 0, -1),
(7887, 0, 0, 724, 52, 'Pretium varius ipsum finibus magna tristique facilisi finibus aliquam lorem felis mauris mollis', '2017-10-18 12:18:53', 1, '', NULL, 0, 0),
(7888, 7887, 0, 724, 2, 'Mollis fermentum convallis laoreet egestas feugiat faucibus', '2017-10-18 12:18:53', 1, '', NULL, 0, 0),
(7889, 7887, 0, 724, 48, 'Magna tortor tincidunt libero laoreet egestas efficitur risus consectetur finibus', '2017-10-18 12:18:53', 1, '', NULL, 0, 0),
(7890, 0, 0, 724, 1, 'Curae dolor primis risus tristique vestibulum lorem luctus varius facilisi metus ultrices luctus condimentum fermentum primis magna cubilia', '2017-10-18 12:18:53', 1, '', NULL, 0, 1),
(7891, 7890, 0, 724, 43, 'Curae vestibulum primis tristique quisque vestibulum fermentum metus finibus primis convallis varius consectetur posuere', '2017-10-18 12:18:53', 1, '', NULL, 0, 1),
(7892, 7890, 0, 724, 45, 'Nulla lorem luctus purus mollis curae faucibus feugiat tincidunt libero risus mauris mollis mauris morbi mollis lorem ultrices gravida', '2017-10-18 12:18:53', 1, '', NULL, 0, 1),
(7893, 7890, 0, 724, 52, 'Finibus luctus consectetur faucibus convallis libero luctus consectetur tincidunt efficitur luctus magna purus magna condimentum maecenas', '2017-10-18 12:18:54', 1, '', NULL, 0, 1),
(7894, 0, 0, 724, 52, 'Risus gravida suscipit ipsum magna fermentum metus efficitur morbi suscipit lorem mollis suscipit libero efficitur', '2017-10-18 12:18:54', 1, '', NULL, 0, 0),
(7895, 7894, 0, 724, 52, 'Lorem primis laoreet libero nulla adipiscing mauris dolor suscipit maecenas cubilia facilisi faucibus adipiscing quisque varius', '2017-10-18 12:18:54', 1, '', NULL, 0, 0),
(7896, 7894, 0, 724, 2, 'Maecenas elementum laoreet consectetur finibus morbi faucibus egestas consectetur fermentum', '2017-10-18 12:18:54', 1, '', NULL, 0, 0),
(7897, 0, 0, 725, 48, 'Morbi tincidunt condimentum finibus condimentum magna adipiscing finibus metus adipiscing mauris', '2017-10-18 12:18:54', 1, '', NULL, 0, 1),
(7898, 7897, 0, 725, 46, 'Consectetur finibus risus cubilia mollis felis varius mauris quisque purus', '2017-10-18 12:18:54', 1, '', NULL, 0, 1),
(7899, 7897, 0, 725, 1, 'Magna ipsum feugiat consectetur lorem ultrices faucibus cubilia dolor risus feugiat curae mauris consectetur vestibulum faucibus metus maecenas efficitur', '2017-10-18 12:18:54', 1, '', NULL, 0, 1),
(7900, 0, 0, 725, 43, 'Adipiscing ultrices metus finibus posuere nulla tristique consectetur curae laoreet tincidunt fermentum accumsan mollis finibus', '2017-10-18 12:18:54', 1, '', NULL, 0, 1),
(7901, 7900, 0, 725, 43, 'Maecenas feugiat risus dolor purus felis quisque dolor condimentum pretium efficitur facilisi mauris pretium laoreet magna fermentum', '2017-10-18 12:18:54', 1, '', NULL, 0, 1),
(7902, 7900, 0, 725, 48, 'Faucibus aliquam luctus mauris facilisi mauris cubilia fermentum egestas vestibulum vestibulum cubilia varius metus curae pretium dolor gravida morbi', '2017-10-18 12:18:54', 1, '', NULL, 0, 1),
(7903, 0, 0, 725, 46, 'Tortor aliquam ipsum feugiat tortor mauris consectetur felis metus egestas magna dolor facilisi condimentum mauris finibus feugiat dolor curae faucibus', '2017-10-18 12:18:54', 0, '', NULL, 0, -1),
(7904, 7903, 0, 725, 45, 'Fermentum vestibulum magna felis ipsum magna finibus faucibus faucibus luctus mauris feugiat consectetur faucibus risus adipiscing mollis mollis faucibus condimentum', '2017-10-18 12:18:54', 0, '', NULL, 0, -1),
(7905, 7903, 0, 725, 44, 'Pretium maecenas primis finibus facilisi quisque varius cubilia metus ipsum', '2017-10-18 12:18:54', 0, '', NULL, 0, -1),
(7906, 0, 0, 726, 45, 'Fermentum mollis gravida luctus ipsum tristique faucibus varius laoreet adipiscing luctus feugiat fermentum efficitur laoreet vestibulum', '2017-10-18 12:18:54', 0, '', NULL, 0, -1),
(7907, 7906, 0, 726, 1, 'Tristique ultrices posuere risus vestibulum vestibulum condimentum dolor metus primis', '2017-10-18 12:18:54', 0, '', NULL, 0, -1),
(7908, 7906, 0, 726, 50, 'Convallis accumsan vestibulum posuere consectetur cubilia efficitur metus metus faucibus convallis finibus', '2017-10-18 12:18:54', 0, '', NULL, 0, -1),
(7909, 0, 0, 726, 43, 'Cubilia metus purus risus pretium fermentum metus libero', '2017-10-18 12:18:54', 0, '', NULL, 0, -1),
(7910, 7909, 0, 726, 48, 'Efficitur convallis condimentum vestibulum fermentum convallis dolor tortor suscipit primis', '2017-10-18 12:18:54', 0, '', NULL, 0, -1),
(7911, 7909, 0, 726, 2, 'Posuere cubilia fermentum gravida maecenas efficitur consectetur faucibus facilisi finibus adipiscing nulla vestibulum consectetur fermentum faucibus accumsan', '2017-10-18 12:18:54', 0, '', NULL, 0, -1),
(7912, 7909, 0, 726, 43, 'Gravida varius libero aliquam morbi curae faucibus aliquam egestas fermentum mauris varius tristique mauris magna luctus mollis accumsan', '2017-10-18 12:18:54', 0, '', NULL, 0, -1),
(7913, 0, 0, 726, 2, 'Maecenas tortor accumsan finibus mollis cubilia magna suscipit pretium ipsum tortor finibus primis quisque gravida curae finibus tincidunt', '2017-10-18 12:18:54', 1, '', NULL, 0, 1),
(7914, 7913, 0, 726, 1, 'Lorem elementum risus egestas luctus faucibus condimentum cubilia posuere faucibus cubilia feugiat', '2017-10-18 12:18:54', 1, '', NULL, 0, 1),
(7915, 7913, 0, 726, 49, 'Accumsan magna laoreet tincidunt tortor tincidunt quisque aliquam quisque consectetur mauris lorem libero mauris mollis metus', '2017-10-18 12:18:54', 1, '', NULL, 0, 1),
(7916, 7913, 0, 726, 2, 'Metus condimentum dolor purus purus posuere dolor feugiat accumsan tincidunt mauris feugiat', '2017-10-18 12:18:54', 1, '', NULL, 0, 1),
(7917, 0, 0, 727, 50, 'Dolor tortor lorem convallis facilisi fermentum feugiat tristique consectetur facilisi', '2017-10-18 12:18:54', 0, '', NULL, 0, -1),
(7918, 7917, 0, 727, 50, 'Quisque pretium lorem fermentum ipsum ipsum aliquam cubilia finibus quisque faucibus ultrices accumsan purus', '2017-10-18 12:18:54', 0, '', NULL, 0, -1),
(7919, 7917, 0, 727, 50, 'Nulla efficitur condimentum elementum nulla tristique elementum faucibus efficitur lorem faucibus maecenas', '2017-10-18 12:18:54', 0, '', NULL, 0, -1),
(7920, 0, 0, 727, 49, 'Ipsum metus pretium consectetur finibus consectetur lorem gravida mollis metus', '2017-10-18 12:18:54', 0, '', NULL, 0, -1),
(7921, 7920, 0, 727, 48, 'Libero faucibus faucibus egestas ipsum finibus curae tristique magna fermentum tincidunt condimentum feugiat ultrices', '2017-10-18 12:18:54', 0, '', NULL, 0, -1),
(7922, 7920, 0, 727, 47, 'Consectetur tincidunt facilisi risus consectetur ipsum magna tortor tortor vestibulum faucibus finibus maecenas metus morbi risus metus magna elementum consectetur', '2017-10-18 12:18:54', 0, '', NULL, 0, -1),
(7923, 0, 0, 727, 45, 'Consectetur luctus cubilia egestas vestibulum dolor consectetur', '2017-10-18 12:18:54', 0, '', NULL, 0, -1),
(7924, 7923, 0, 727, 2, 'Felis quisque finibus fermentum magna condimentum elementum consectetur', '2017-10-18 12:18:54', 0, '', NULL, 0, -1),
(7925, 7923, 0, 727, 45, 'Convallis purus consectetur efficitur laoreet fermentum dolor consectetur posuere quisque tincidunt metus facilisi pretium', '2017-10-18 12:18:54', 0, '', NULL, 0, -1),
(7926, 0, 0, 727, 50, 'Pretium maecenas maecenas vestibulum metus faucibus condimentum condimentum tristique feugiat felis mauris ultrices', '2017-10-18 12:18:54', 1, '', NULL, 0, 1),
(7927, 7926, 0, 727, 1, 'Tristique aliquam fermentum accumsan ipsum fermentum metus consectetur faucibus magna tristique magna', '2017-10-18 12:18:54', 1, '', NULL, 0, 1),
(7928, 7926, 0, 727, 1, 'Mollis maecenas finibus metus nulla luctus elementum vestibulum tristique magna', '2017-10-18 12:18:54', 1, '', NULL, 0, 1),
(7929, 0, 0, 728, 49, 'Risus nulla mollis feugiat condimentum mauris vestibulum morbi gravida', '2017-10-18 12:18:55', 1, '', NULL, 0, 0),
(7930, 7929, 0, 728, 45, 'Convallis accumsan mauris luctus mauris faucibus primis metus varius lorem convallis elementum curae purus finibus vestibulum varius egestas', '2017-10-18 12:18:55', 1, '', NULL, 0, 0),
(7931, 7929, 0, 728, 45, 'Gravida tortor cubilia convallis dolor tristique morbi mollis', '2017-10-18 12:18:55', 1, '', NULL, 0, 0),
(7932, 0, 0, 728, 2, 'Fermentum adipiscing ipsum libero lorem primis mollis tincidunt fermentum luctus mauris libero cubilia faucibus efficitur finibus', '2017-10-18 12:18:55', 1, '', NULL, 0, 0),
(7933, 7932, 0, 728, 49, 'Metus faucibus dolor condimentum feugiat laoreet tincidunt magna elementum metus magna feugiat metus faucibus morbi', '2017-10-18 12:18:55', 1, '', NULL, 0, 0),
(7934, 7932, 0, 728, 2, 'Adipiscing condimentum magna condimentum laoreet fermentum faucibus condimentum ipsum feugiat vestibulum finibus dolor elementum', '2017-10-18 12:18:55', 1, '', NULL, 0, 0),
(7935, 7932, 0, 728, 43, 'Maecenas primis accumsan dolor felis mollis risus consectetur mauris fermentum magna consectetur suscipit faucibus curae', '2017-10-18 12:18:55', 1, '', NULL, 0, 0),
(7936, 0, 0, 728, 47, 'Aliquam vestibulum faucibus feugiat faucibus luctus vestibulum faucibus', '2017-10-18 12:18:55', 1, '', NULL, 0, 0),
(7937, 7936, 0, 728, 51, 'Elementum gravida laoreet tincidunt fermentum consectetur tristique faucibus vestibulum condimentum vestibulum posuere mauris ipsum luctus consectetur curae', '2017-10-18 12:18:55', 1, '', NULL, 0, 0),
(7938, 7936, 0, 728, 51, 'Quisque consectetur consectetur metus primis varius facilisi efficitur primis ipsum ultrices', '2017-10-18 12:18:55', 1, '', NULL, 0, 0),
(7939, 7936, 0, 728, 2, 'Condimentum cubilia ultrices purus condimentum metus faucibus aliquam condimentum gravida aliquam magna adipiscing mauris consectetur faucibus faucibus adipiscing mollis tristique', '2017-10-18 12:18:55', 1, '', NULL, 0, 0),
(7940, 0, 0, 728, 50, 'Nulla feugiat consectetur elementum mauris consectetur elementum magna varius laoreet tincidunt tincidunt condimentum suscipit felis convallis felis', '2017-10-18 12:18:55', 1, '', NULL, 0, 0),
(7941, 7940, 0, 728, 49, 'Varius tristique aliquam quisque magna vestibulum consectetur faucibus accumsan mollis feugiat fermentum mollis mollis faucibus consectetur libero facilisi vestibulum mollis', '2017-10-18 12:18:55', 1, '', NULL, 0, 0),
(7942, 7940, 0, 728, 1, 'Finibus lorem lorem morbi mollis pretium libero posuere mauris mollis magna mollis faucibus tincidunt laoreet', '2017-10-18 12:18:55', 1, '', NULL, 0, 0),
(7943, 0, 0, 729, 51, 'Ultrices dolor varius faucibus posuere laoreet gravida pretium gravida', '2017-10-18 12:18:55', 0, '', NULL, 0, -1),
(7944, 7943, 0, 729, 50, 'Faucibus tristique morbi suscipit dolor faucibus magna accumsan mollis facilisi laoreet faucibus', '2017-10-18 12:18:55', 0, '', NULL, 0, -1),
(7945, 7943, 0, 729, 2, 'Varius vestibulum libero ipsum posuere mollis fermentum finibus faucibus faucibus mauris consectetur dolor mauris tortor', '2017-10-18 12:18:55', 0, '', NULL, 0, -1),
(7946, 0, 0, 729, 51, 'Metus vestibulum magna vestibulum adipiscing nulla lorem posuere ultrices egestas mauris ipsum dolor tortor vestibulum condimentum', '2017-10-18 12:18:55', 0, '', NULL, 0, -1),
(7947, 7946, 0, 729, 43, 'Nulla ultrices ultrices cubilia mauris feugiat faucibus curae consectetur', '2017-10-18 12:18:55', 0, '', NULL, 0, -1),
(7948, 7946, 0, 729, 47, 'Mollis dolor luctus pretium tortor condimentum dolor ipsum dolor egestas vestibulum posuere metus luctus pretium felis nulla', '2017-10-18 12:18:55', 0, '', NULL, 0, -1),
(7949, 7946, 0, 729, 45, 'Metus tincidunt posuere dolor mauris elementum finibus magna lorem mauris condimentum elementum elementum consectetur luctus pretium', '2017-10-18 12:18:55', 0, '', NULL, 0, -1),
(7950, 0, 0, 729, 44, 'Risus consectetur primis condimentum morbi egestas magna morbi nulla condimentum convallis purus', '2017-10-18 12:18:55', 1, '', NULL, 0, 1),
(7951, 7950, 0, 729, 50, 'Nulla convallis suscipit efficitur finibus condimentum elementum dolor posuere gravida felis mauris facilisi gravida condimentum', '2017-10-18 12:18:55', 1, '', NULL, 0, 1),
(7952, 7950, 0, 729, 43, 'Faucibus purus magna condimentum ipsum finibus consectetur risus efficitur mollis adipiscing luctus felis finibus lorem magna', '2017-10-18 12:18:55', 1, '', NULL, 0, 1),
(7953, 7950, 0, 729, 52, 'Magna quisque dolor mollis faucibus mollis dolor', '2017-10-18 12:18:55', 1, '', NULL, 0, 1),
(7954, 0, 0, 729, 50, 'Aliquam condimentum cubilia suscipit tincidunt mauris aliquam fermentum libero faucibus primis elementum ultrices quisque', '2017-10-18 12:18:55', 1, '', NULL, 0, 1),
(7955, 7954, 0, 729, 46, 'Consectetur dolor faucibus mauris consectetur posuere laoreet adipiscing primis consectetur felis dolor consectetur', '2017-10-18 12:18:55', 1, '', NULL, 0, 1),
(7956, 7954, 0, 729, 45, 'Consectetur ipsum fermentum libero purus tortor efficitur accumsan laoreet faucibus faucibus', '2017-10-18 12:18:55', 1, '', NULL, 0, 1),
(7957, 0, 0, 730, 2, 'Consectetur aliquam luctus dolor adipiscing consectetur risus finibus posuere felis convallis condimentum faucibus finibus elementum feugiat curae accumsan consectetur', '2017-10-18 12:18:55', 1, '', NULL, 0, 1),
(7958, 7957, 0, 730, 43, 'Finibus egestas luctus accumsan magna faucibus metus vestibulum', '2017-10-18 12:18:55', 1, '', NULL, 0, 1),
(7959, 7957, 0, 730, 47, 'Faucibus primis vestibulum egestas curae metus metus facilisi consectetur elementum risus nulla', '2017-10-18 12:18:55', 1, '', NULL, 0, 1),
(7960, 0, 0, 730, 43, 'Facilisi gravida varius nulla purus tincidunt consectetur faucibus efficitur facilisi posuere mollis mollis feugiat faucibus vestibulum fermentum', '2017-10-18 12:18:55', 0, '', NULL, 0, -1),
(7961, 7960, 0, 730, 47, 'Mauris tincidunt finibus tortor mollis faucibus lorem metus tincidunt accumsan faucibus metus maecenas mauris consectetur tortor pretium curae nulla', '2017-10-18 12:18:55', 0, '', NULL, 0, -1),
(7962, 7960, 0, 730, 51, 'Suscipit faucibus tristique feugiat finibus cubilia ultrices felis magna adipiscing nulla ultrices', '2017-10-18 12:18:55', 0, '', NULL, 0, -1),
(7963, 7960, 0, 730, 45, 'Mauris nulla finibus ultrices condimentum condimentum finibus magna mauris primis lorem', '2017-10-18 12:18:55', 0, '', NULL, 0, -1),
(7964, 0, 0, 730, 45, 'Dolor curae aliquam metus morbi curae tristique', '2017-10-18 12:18:55', 1, '', NULL, 0, 1),
(7965, 7964, 0, 730, 44, 'Adipiscing convallis finibus condimentum suscipit aliquam purus ultrices condimentum finibus tincidunt tristique laoreet nulla', '2017-10-18 12:18:55', 1, '', NULL, 0, 1),
(7966, 7964, 0, 730, 46, 'Ultrices feugiat faucibus cubilia laoreet primis tortor condimentum suscipit faucibus luctus cubilia feugiat', '2017-10-18 12:18:56', 1, '', NULL, 0, 1),
(7967, 7964, 0, 730, 46, 'Faucibus tortor tincidunt condimentum laoreet felis efficitur consectetur adipiscing quisque', '2017-10-18 12:18:56', 1, '', NULL, 0, 1),
(7968, 0, 0, 730, 51, 'Magna mauris quisque posuere consectetur elementum condimentum facilisi feugiat condimentum felis fermentum dolor metus faucibus', '2017-10-18 12:18:56', 1, '', NULL, 0, 0),
(7969, 7968, 0, 730, 50, 'Suscipit tortor felis pretium condimentum quisque convallis faucibus aliquam faucibus consectetur vestibulum gravida', '2017-10-18 12:18:56', 1, '', NULL, 0, 0),
(7970, 7968, 0, 730, 2, 'Felis dolor vestibulum dolor finibus accumsan faucibus faucibus suscipit lorem', '2017-10-18 12:18:56', 1, '', NULL, 0, 0),
(7971, 7968, 0, 730, 46, 'Laoreet consectetur elementum libero efficitur metus consectetur vestibulum ultrices nulla suscipit gravida posuere faucibus feugiat varius faucibus', '2017-10-18 12:18:56', 1, '', NULL, 0, 0),
(7972, 0, 0, 731, 45, 'Elementum condimentum fermentum condimentum morbi luctus primis vestibulum tristique gravida', '2017-10-18 12:18:56', 1, '', NULL, 0, 0),
(7973, 7972, 0, 731, 44, 'Convallis vestibulum faucibus tristique mauris finibus consectetur tristique maecenas faucibus metus posuere consectetur gravida fermentum', '2017-10-18 12:18:56', 1, '', NULL, 0, 0),
(7974, 7972, 0, 731, 1, 'Metus faucibus faucibus accumsan tortor vestibulum metus lorem curae', '2017-10-18 12:18:56', 1, '', NULL, 0, 0),
(7975, 7972, 0, 731, 1, 'Vestibulum magna primis egestas vestibulum magna accumsan finibus tortor faucibus ultrices aliquam tristique purus faucibus ipsum', '2017-10-18 12:18:56', 1, '', NULL, 0, 0),
(7976, 0, 0, 731, 49, 'Suscipit condimentum faucibus metus egestas nulla convallis', '2017-10-18 12:18:56', 1, '', NULL, 0, 1),
(7977, 7976, 0, 731, 2, 'Morbi risus finibus faucibus magna elementum lorem finibus laoreet posuere posuere faucibus condimentum faucibus lorem luctus egestas quisque mauris', '2017-10-18 12:18:56', 1, '', NULL, 0, 1),
(7978, 7976, 0, 731, 48, 'Fermentum posuere cubilia tristique cubilia nulla luctus ultrices felis risus libero primis consectetur faucibus feugiat', '2017-10-18 12:18:56', 1, '', NULL, 0, 1),
(7979, 7976, 0, 731, 51, 'Purus feugiat consectetur adipiscing finibus dolor faucibus ipsum tristique vestibulum ultrices condimentum mauris varius faucibus primis cubilia magna vestibulum condimentum', '2017-10-18 12:18:56', 1, '', NULL, 0, 1),
(7980, 0, 0, 731, 43, 'Faucibus mauris magna lorem tortor accumsan quisque posuere vestibulum cubilia nulla', '2017-10-18 12:18:56', 1, '', NULL, 0, 1),
(7981, 7980, 0, 731, 46, 'Mollis metus condimentum magna vestibulum egestas egestas mauris feugiat vestibulum magna varius consectetur risus aliquam elementum dolor consectetur', '2017-10-18 12:18:56', 1, '', NULL, 0, 1),
(7982, 7980, 0, 731, 44, 'Faucibus condimentum facilisi felis gravida ipsum fermentum convallis maecenas', '2017-10-18 12:18:56', 1, '', NULL, 0, 1),
(7983, 7980, 0, 731, 46, 'Felis libero efficitur primis posuere finibus cubilia quisque fermentum faucibus consectetur consectetur consectetur faucibus ultrices libero magna lorem mauris', '2017-10-18 12:18:56', 1, '', NULL, 0, 1),
(7984, 0, 0, 732, 44, 'Curae vestibulum purus consectetur dolor morbi pretium suscipit elementum maecenas metus condimentum ultrices purus finibus', '2017-10-18 12:18:56', 0, '', NULL, 0, -1),
(7985, 7984, 0, 732, 44, 'Mollis tortor suscipit fermentum condimentum efficitur consectetur feugiat vestibulum ultrices', '2017-10-18 12:18:56', 0, '', NULL, 0, -1),
(7986, 7984, 0, 732, 43, 'Finibus faucibus condimentum pretium gravida ipsum cubilia faucibus ultrices dolor nulla elementum finibus feugiat', '2017-10-18 12:18:56', 0, '', NULL, 0, -1),
(7987, 7984, 0, 732, 48, 'Finibus condimentum lorem curae felis adipiscing varius laoreet maecenas cubilia pretium cubilia tortor fermentum', '2017-10-18 12:18:56', 0, '', NULL, 0, -1),
(7988, 0, 0, 732, 51, 'Faucibus maecenas luctus ipsum purus convallis varius', '2017-10-18 12:18:56', 0, '', NULL, 0, -1),
(7989, 7988, 0, 732, 51, 'Tortor fermentum faucibus finibus convallis ipsum dolor morbi metus purus consectetur aliquam accumsan suscipit', '2017-10-18 12:18:56', 0, '', NULL, 0, -1),
(7990, 7988, 0, 732, 51, 'Vestibulum quisque laoreet vestibulum magna gravida pretium convallis ipsum feugiat accumsan convallis condimentum faucibus efficitur morbi lorem mauris nulla adipiscing', '2017-10-18 12:18:56', 0, '', NULL, 0, -1),
(7991, 7988, 0, 732, 52, 'Consectetur purus mollis consectetur mollis lorem vestibulum dolor suscipit faucibus risus condimentum purus libero consectetur mollis consectetur', '2017-10-18 12:18:57', 0, '', NULL, 0, -1),
(7992, 0, 0, 732, 50, 'Vestibulum consectetur suscipit curae maecenas nulla magna ipsum facilisi finibus metus cubilia nulla fermentum finibus', '2017-10-18 12:18:57', 1, '', NULL, 0, 1),
(7993, 7992, 0, 732, 1, 'Cubilia dolor felis faucibus feugiat varius varius pretium finibus egestas egestas consectetur faucibus', '2017-10-18 12:18:57', 1, '', NULL, 0, 1),
(7994, 7992, 0, 732, 48, 'Laoreet consectetur purus nulla maecenas condimentum mauris finibus nulla facilisi aliquam condimentum mollis adipiscing', '2017-10-18 12:18:57', 1, '', NULL, 0, 1),
(7995, 0, 0, 733, 49, 'Varius condimentum luctus metus cubilia suscipit fermentum condimentum finibus finibus consectetur felis consectetur mollis faucibus tristique curae felis feugiat condimentum', '2017-10-18 12:18:57', 1, '', NULL, 0, 1),
(7996, 7995, 0, 733, 2, 'Pretium faucibus faucibus magna faucibus faucibus tincidunt facilisi faucibus cubilia cubilia posuere pretium maecenas curae adipiscing faucibus', '2017-10-18 12:18:57', 1, '', NULL, 0, 1),
(7997, 7995, 0, 733, 45, 'Metus consectetur facilisi fermentum dolor condimentum efficitur efficitur finibus magna', '2017-10-18 12:18:57', 1, '', NULL, 0, 1),
(7998, 0, 0, 733, 49, 'Varius fermentum faucibus faucibus ultrices consectetur dolor accumsan gravida suscipit', '2017-10-18 12:18:57', 1, '', NULL, 0, 1),
(7999, 7998, 0, 733, 2, 'Facilisi mollis vestibulum convallis tristique fermentum adipiscing accumsan condimentum adipiscing primis finibus gravida ipsum aliquam mauris mollis laoreet nulla', '2017-10-18 12:18:57', 1, '', NULL, 0, 1),
(8000, 7998, 0, 733, 1, 'Nulla ipsum ipsum luctus suscipit faucibus ultrices faucibus adipiscing', '2017-10-18 12:18:57', 1, '', NULL, 0, 1),
(8001, 0, 0, 733, 46, 'Quisque ipsum primis tortor convallis faucibus feugiat dolor quisque mollis libero condimentum lorem primis', '2017-10-18 12:18:57', 1, '', NULL, 0, 0),
(8002, 8001, 0, 733, 46, 'Vestibulum accumsan vestibulum ipsum quisque suscipit faucibus mollis fermentum nulla consectetur cubilia consectetur maecenas suscipit quisque purus maecenas', '2017-10-18 12:18:57', 1, '', NULL, 0, 0),
(8003, 8001, 0, 733, 50, 'Elementum faucibus suscipit accumsan metus condimentum mauris', '2017-10-18 12:18:57', 1, '', NULL, 0, 0),
(8004, 0, 0, 734, 52, 'Laoreet cubilia libero morbi condimentum magna ultrices pretium efficitur quisque consectetur libero faucibus consectetur finibus mollis cubilia laoreet laoreet mollis', '2017-10-18 12:18:57', 1, '', NULL, 0, 1),
(8005, 8004, 0, 734, 46, 'Quisque convallis finibus dolor tristique ultrices nulla maecenas metus luctus', '2017-10-18 12:18:57', 1, '', NULL, 0, 1),
(8006, 8004, 0, 734, 51, 'Tristique convallis posuere consectetur primis mauris convallis primis fermentum lorem faucibus', '2017-10-18 12:18:57', 1, '', NULL, 0, 1),
(8007, 0, 0, 734, 50, 'Mauris laoreet finibus risus luctus mollis curae felis tristique consectetur purus cubilia quisque tincidunt', '2017-10-18 12:18:57', 1, '', NULL, 0, 0),
(8008, 8007, 0, 734, 43, 'Gravida curae finibus morbi finibus vestibulum vestibulum', '2017-10-18 12:18:57', 1, '', NULL, 0, 0),
(8009, 8007, 0, 734, 50, 'Magna suscipit nulla accumsan dolor elementum nulla accumsan', '2017-10-18 12:18:57', 1, '', NULL, 0, 0),
(8010, 8007, 0, 734, 1, 'Luctus dolor accumsan magna facilisi curae laoreet lorem feugiat mollis facilisi magna faucibus consectetur posuere', '2017-10-18 12:18:57', 1, '', NULL, 0, 0),
(8011, 0, 0, 734, 45, 'Purus maecenas finibus pretium ultrices tincidunt consectetur mollis mauris consectetur condimentum tortor suscipit suscipit varius faucibus', '2017-10-18 12:18:57', 0, '', NULL, 0, -1),
(8012, 8011, 0, 734, 52, 'Magna maecenas ipsum faucibus ultrices faucibus elementum purus faucibus elementum mauris', '2017-10-18 12:18:57', 0, '', NULL, 0, -1),
(8013, 8011, 0, 734, 46, 'Fermentum adipiscing gravida varius gravida laoreet nulla faucibus luctus maecenas adipiscing mollis accumsan mauris adipiscing egestas faucibus morbi', '2017-10-18 12:18:57', 0, '', NULL, 0, -1),
(8014, 8011, 0, 734, 1, 'Tincidunt elementum faucibus efficitur dolor mollis mollis mauris felis faucibus egestas felis maecenas efficitur accumsan accumsan posuere', '2017-10-18 12:18:57', 0, '', NULL, 0, -1),
(8015, 0, 0, 734, 48, 'Facilisi fermentum curae egestas tincidunt pretium fermentum lorem magna cubilia consectetur laoreet', '2017-10-18 12:18:57', 1, '', NULL, 0, 0),
(8016, 8015, 0, 734, 43, 'Accumsan magna finibus ultrices magna finibus maecenas curae metus condimentum laoreet metus condimentum egestas', '2017-10-18 12:18:57', 1, '', NULL, 0, 0),
(8017, 8015, 0, 734, 48, 'Condimentum consectetur pretium quisque pretium ultrices pretium risus faucibus consectetur egestas tortor finibus nulla ipsum ipsum metus', '2017-10-18 12:18:57', 1, '', NULL, 0, 0),
(8018, 0, 0, 735, 50, 'Gravida curae cubilia ipsum condimentum posuere mauris', '2017-10-18 12:18:58', 0, '', NULL, 0, -1),
(8019, 8018, 0, 735, 45, 'Ipsum aliquam morbi fermentum posuere consectetur magna lorem luctus feugiat mauris tortor ultrices adipiscing ultrices libero tortor accumsan pretium faucibus', '2017-10-18 12:18:58', 0, '', NULL, 0, -1),
(8020, 8018, 0, 735, 51, 'Maecenas felis ultrices facilisi accumsan ipsum libero tincidunt metus efficitur condimentum convallis felis vestibulum egestas', '2017-10-18 12:18:58', 0, '', NULL, 0, -1),
(8021, 0, 0, 735, 47, 'Ipsum fermentum consectetur lorem maecenas dolor metus egestas mollis', '2017-10-18 12:18:58', 0, '', NULL, 0, -1),
(8022, 8021, 0, 735, 1, 'Metus maecenas aliquam felis fermentum faucibus tristique', '2017-10-18 12:18:58', 0, '', NULL, 0, -1),
(8023, 8021, 0, 735, 48, 'Egestas mauris posuere luctus dolor cubilia laoreet accumsan risus mauris tincidunt', '2017-10-18 12:18:58', 0, '', NULL, 0, -1),
(8024, 8021, 0, 735, 50, 'Tortor faucibus quisque dolor finibus finibus luctus varius finibus risus faucibus vestibulum fermentum finibus', '2017-10-18 12:18:58', 0, '', NULL, 0, -1),
(8025, 0, 0, 735, 47, 'Felis felis maecenas ipsum mauris luctus magna faucibus magna elementum felis mauris mauris condimentum ultrices vestibulum efficitur fermentum metus adipiscing', '2017-10-18 12:18:58', 1, '', NULL, 0, 0),
(8026, 8025, 0, 735, 44, 'Finibus lorem quisque condimentum mauris mollis ipsum consectetur faucibus mauris ipsum tincidunt faucibus vestibulum curae mauris metus', '2017-10-18 12:18:58', 1, '', NULL, 0, 0),
(8027, 8025, 0, 735, 1, 'Dolor magna risus magna tincidunt faucibus suscipit fermentum', '2017-10-18 12:18:58', 1, '', NULL, 0, 0),
(8028, 0, 0, 736, 46, 'Dolor posuere laoreet consectetur curae vestibulum adipiscing efficitur facilisi faucibus magna', '2017-10-18 12:18:58', 1, '', NULL, 0, 1),
(8029, 8028, 0, 736, 44, 'Morbi faucibus condimentum ipsum tincidunt accumsan nulla risus curae maecenas ultrices maecenas elementum faucibus', '2017-10-18 12:18:58', 1, '', NULL, 0, 1),
(8030, 8028, 0, 736, 49, 'Luctus faucibus feugiat gravida efficitur gravida suscipit magna feugiat felis libero faucibus magna', '2017-10-18 12:18:58', 1, '', NULL, 0, 1),
(8031, 0, 0, 736, 51, 'Fermentum faucibus curae nulla magna egestas maecenas fermentum mauris magna consectetur posuere laoreet morbi fermentum condimentum faucibus', '2017-10-18 12:18:58', 1, '', NULL, 0, 0),
(8032, 8031, 0, 736, 44, 'Metus posuere fermentum convallis finibus facilisi gravida lorem ultrices consectetur aliquam condimentum cubilia dolor', '2017-10-18 12:18:58', 1, '', NULL, 0, 0),
(8033, 8031, 0, 736, 44, 'Dolor ipsum consectetur magna egestas magna mauris feugiat faucibus accumsan elementum felis ipsum cubilia tortor condimentum magna', '2017-10-18 12:18:58', 1, '', NULL, 0, 0),
(8034, 8031, 0, 736, 47, 'Libero varius lorem ipsum ultrices faucibus efficitur varius faucibus luctus luctus tincidunt', '2017-10-18 12:18:58', 1, '', NULL, 0, 0),
(8035, 0, 0, 736, 52, 'Morbi tortor faucibus accumsan finibus tincidunt mauris libero', '2017-10-18 12:18:58', 0, '', NULL, 0, -1),
(8036, 8035, 0, 736, 1, 'Facilisi finibus magna faucibus accumsan consectetur dolor finibus consectetur', '2017-10-18 12:18:58', 0, '', NULL, 0, -1),
(8037, 8035, 0, 736, 52, 'Curae tristique mauris fermentum vestibulum lorem mollis tristique consectetur elementum facilisi faucibus', '2017-10-18 12:18:58', 0, '', NULL, 0, -1),
(8038, 8035, 0, 736, 44, 'Consectetur fermentum dolor condimentum laoreet egestas tristique magna pretium consectetur egestas consectetur', '2017-10-18 12:18:58', 0, '', NULL, 0, -1),
(8039, 0, 0, 736, 50, 'Finibus laoreet convallis facilisi primis condimentum posuere nulla morbi mauris nulla elementum', '2017-10-18 12:18:58', 1, '', NULL, 0, 0),
(8040, 8039, 0, 736, 44, 'Mauris tristique laoreet ultrices ultrices mollis tincidunt efficitur mauris suscipit felis condimentum morbi mauris aliquam quisque egestas ipsum risus mauris', '2017-10-18 12:18:58', 1, '', NULL, 0, 0),
(8041, 8039, 0, 736, 44, 'Faucibus vestibulum fermentum dolor felis metus cubilia mauris lorem consectetur gravida fermentum suscipit libero', '2017-10-18 12:18:58', 1, '', NULL, 0, 0),
(8042, 0, 0, 737, 46, 'Consectetur faucibus facilisi consectetur consectetur mauris faucibus gravida curae consectetur nulla', '2017-10-18 12:18:58', 0, '', NULL, 0, -1),
(8043, 8042, 0, 737, 50, 'Vestibulum luctus consectetur libero convallis pretium fermentum mauris convallis', '2017-10-18 12:18:58', 0, '', NULL, 0, -1),
(8044, 8042, 0, 737, 2, 'Pretium primis mauris finibus mauris ipsum vestibulum facilisi faucibus metus lorem', '2017-10-18 12:18:58', 0, '', NULL, 0, -1),
(8045, 8042, 0, 737, 50, 'Metus fermentum finibus mauris gravida faucibus magna quisque', '2017-10-18 12:18:58', 0, '', NULL, 0, -1),
(8046, 0, 0, 737, 2, 'Laoreet magna mauris accumsan luctus purus magna feugiat faucibus posuere efficitur faucibus faucibus consectetur', '2017-10-18 12:18:58', 0, '', NULL, 0, -1);
INSERT INTO `comments` (`id_comment`, `id_parent_comment`, `nested_level`, `id_article`, `id_user`, `text`, `date`, `is_published`, `like_ok`, `dislike`, `not_recommend`, `recommend`) VALUES
(8047, 8046, 0, 737, 45, 'Tristique consectetur finibus finibus condimentum vestibulum cubilia felis ultrices cubilia faucibus', '2017-10-18 12:18:58', 0, '', NULL, 0, -1),
(8048, 8046, 0, 737, 1, 'Dolor faucibus adipiscing quisque adipiscing condimentum ipsum adipiscing finibus cubilia', '2017-10-18 12:18:58', 0, '', NULL, 0, -1),
(8049, 0, 0, 737, 43, 'Mauris aliquam tincidunt pretium condimentum dolor primis varius libero fermentum pretium nulla primis faucibus', '2017-10-18 12:18:59', 0, '', NULL, 0, -1),
(8050, 8049, 0, 737, 2, 'Quisque metus elementum fermentum faucibus cubilia risus nulla magna dolor finibus elementum consectetur condimentum libero', '2017-10-18 12:18:59', 0, '', NULL, 0, -1),
(8051, 8049, 0, 737, 46, 'Dolor tristique dolor tincidunt adipiscing dolor consectetur finibus', '2017-10-18 12:18:59', 0, '', NULL, 0, -1),
(8052, 8049, 0, 737, 45, 'Lorem lorem curae libero elementum suscipit dolor ultrices maecenas nulla varius pretium aliquam pretium', '2017-10-18 12:18:59', 0, '', NULL, 0, -1),
(8053, 0, 0, 737, 47, 'Primis nulla mauris dolor aliquam curae tincidunt', '2017-10-18 12:18:59', 1, '', NULL, 0, 1),
(8054, 8053, 0, 737, 45, 'Quisque finibus ipsum consectetur quisque faucibus dolor adipiscing luctus maecenas vestibulum cubilia vestibulum vestibulum facilisi ipsum posuere', '2017-10-18 12:18:59', 1, '', NULL, 0, 1),
(8055, 8053, 0, 737, 43, 'Gravida condimentum luctus consectetur faucibus luctus fermentum ipsum tristique', '2017-10-18 12:18:59', 1, '', NULL, 0, 1),
(8056, 0, 0, 738, 2, 'Finibus risus pretium vestibulum tortor morbi vestibulum magna facilisi accumsan faucibus finibus', '2017-10-18 12:18:59', 1, '', NULL, 0, 0),
(8057, 8056, 0, 738, 49, 'Ipsum vestibulum vestibulum posuere faucibus condimentum consectetur mauris mollis risus elementum dolor feugiat ipsum cubilia faucibus faucibus', '2017-10-18 12:18:59', 1, '', NULL, 0, 0),
(8058, 8056, 0, 738, 45, 'Ipsum condimentum laoreet morbi mollis maecenas faucibus posuere suscipit faucibus tortor fermentum cubilia felis faucibus metus magna curae consectetur', '2017-10-18 12:18:59', 1, '', NULL, 0, 0),
(8059, 8056, 0, 738, 2, 'Lorem convallis gravida consectetur faucibus ipsum faucibus consectetur', '2017-10-18 12:18:59', 1, '', NULL, 0, 0),
(8060, 0, 0, 738, 46, 'Mollis nulla condimentum suscipit elementum faucibus tristique vestibulum dolor lorem mollis', '2017-10-18 12:18:59', 1, '', NULL, 0, 0),
(8061, 8060, 0, 738, 51, 'Varius posuere tincidunt risus faucibus condimentum nulla adipiscing varius facilisi dolor tincidunt', '2017-10-18 12:18:59', 1, '', NULL, 0, 0),
(8062, 8060, 0, 738, 49, 'Varius posuere aliquam faucibus posuere elementum facilisi metus lorem suscipit fermentum', '2017-10-18 12:18:59', 1, '', NULL, 0, 0),
(8063, 8060, 0, 738, 1, 'Laoreet dolor fermentum feugiat aliquam lorem nulla tincidunt cubilia magna', '2017-10-18 12:18:59', 1, '', NULL, 0, 0),
(8064, 0, 0, 738, 52, 'Consectetur ultrices felis tortor ipsum curae quisque ultrices aliquam finibus', '2017-10-18 12:18:59', 0, '', NULL, 0, -1),
(8065, 8064, 0, 738, 48, 'Metus elementum adipiscing tortor ultrices fermentum condimentum', '2017-10-18 12:18:59', 0, '', NULL, 0, -1),
(8066, 8064, 0, 738, 47, 'Mollis tristique condimentum consectetur faucibus mollis egestas efficitur condimentum condimentum quisque quisque laoreet dolor adipiscing', '2017-10-18 12:18:59', 0, '', NULL, 0, -1),
(8067, 0, 0, 738, 43, 'Cubilia posuere felis metus mollis felis risus finibus tristique facilisi purus', '2017-10-18 12:18:59', 1, '', NULL, 0, 0),
(8068, 8067, 0, 738, 2, 'Luctus mollis consectetur nulla posuere curae maecenas tincidunt efficitur condimentum libero ultrices condimentum mauris morbi gravida dolor dolor vestibulum', '2017-10-18 12:18:59', 1, '', NULL, 0, 0),
(8069, 8067, 0, 738, 49, 'Feugiat laoreet vestibulum finibus felis faucibus gravida fermentum tristique morbi vestibulum libero finibus', '2017-10-18 12:18:59', 1, '', NULL, 0, 0),
(8070, 0, 0, 739, 52, 'Mollis purus risus tristique suscipit elementum aliquam consectetur magna convallis varius curae fermentum morbi mauris faucibus', '2017-10-18 12:18:59', 1, '', NULL, 0, 1),
(8071, 8070, 0, 739, 52, 'Magna gravida elementum tortor pretium fermentum dolor aliquam mollis convallis posuere felis morbi magna mauris aliquam varius nulla quisque', '2017-10-18 12:18:59', 1, '', NULL, 0, 1),
(8072, 8070, 0, 739, 2, 'Metus dolor mauris purus mauris fermentum dolor faucibus metus primis faucibus consectetur finibus morbi fermentum cubilia efficitur purus magna ultrices', '2017-10-18 12:18:59', 1, '', NULL, 0, 1),
(8073, 0, 0, 739, 50, 'Feugiat dolor suscipit egestas vestibulum fermentum maecenas risus mollis dolor faucibus facilisi vestibulum gravida', '2017-10-18 12:18:59', 0, '', NULL, 0, -1),
(8074, 8073, 0, 739, 46, 'Tincidunt fermentum primis mollis feugiat fermentum condimentum magna vestibulum suscipit mauris pretium', '2017-10-18 12:18:59', 0, '', NULL, 0, -1),
(8075, 8073, 0, 739, 49, 'Finibus primis metus elementum libero vestibulum luctus ipsum faucibus varius lorem facilisi mollis risus fermentum feugiat consectetur mauris', '2017-10-18 12:18:59', 0, '', NULL, 0, -1),
(8076, 8073, 0, 739, 52, 'Lorem faucibus faucibus tincidunt libero finibus fermentum varius faucibus dolor consectetur gravida', '2017-10-18 12:18:59', 0, '', NULL, 0, -1),
(8077, 0, 0, 739, 49, 'Luctus ultrices maecenas condimentum quisque elementum metus egestas', '2017-10-18 12:18:59', 0, '', NULL, 0, -1),
(8078, 8077, 0, 739, 52, 'Maecenas primis risus egestas suscipit purus tortor luctus', '2017-10-18 12:19:00', 0, '', NULL, 0, -1),
(8079, 8077, 0, 739, 48, 'Efficitur vestibulum aliquam condimentum finibus elementum mollis condimentum morbi metus mauris tortor risus condimentum risus', '2017-10-18 12:19:00', 0, '', NULL, 0, -1),
(8080, 0, 0, 740, 49, 'Feugiat condimentum mauris morbi risus convallis curae finibus tristique aliquam laoreet metus fermentum faucibus vestibulum morbi fermentum posuere ipsum', '2017-10-18 12:19:00', 1, '', NULL, 0, 1),
(8081, 8080, 0, 740, 45, 'Mollis nulla elementum pretium convallis dolor varius libero', '2017-10-18 12:19:00', 1, '', NULL, 0, 1),
(8082, 8080, 0, 740, 51, 'Efficitur purus adipiscing metus libero purus consectetur faucibus nulla morbi mollis faucibus', '2017-10-18 12:19:00', 1, '', NULL, 0, 1),
(8083, 8080, 0, 740, 47, 'Faucibus magna finibus pretium faucibus laoreet cubilia finibus nulla posuere pretium facilisi laoreet aliquam egestas', '2017-10-18 12:19:00', 1, '', NULL, 0, 1),
(8084, 0, 0, 740, 51, 'Egestas lorem nulla suscipit aliquam mollis curae ipsum metus egestas feugiat consectetur ipsum efficitur mollis curae', '2017-10-18 12:19:00', 1, '', NULL, 0, 0),
(8085, 8084, 0, 740, 51, 'Faucibus varius metus quisque gravida consectetur laoreet vestibulum ipsum accumsan metus ipsum primis mollis maecenas', '2017-10-18 12:19:00', 1, '', NULL, 0, 0),
(8086, 8084, 0, 740, 43, 'Vestibulum efficitur gravida magna metus finibus consectetur', '2017-10-18 12:19:00', 1, '', NULL, 0, 0),
(8087, 0, 0, 740, 46, 'Lorem faucibus ipsum dolor morbi metus maecenas ipsum mollis adipiscing ipsum faucibus morbi magna metus luctus morbi mollis libero', '2017-10-18 12:19:00', 0, '', NULL, 0, -1),
(8088, 8087, 0, 740, 47, 'Fermentum accumsan ipsum faucibus maecenas ipsum consectetur maecenas tortor fermentum', '2017-10-18 12:19:00', 0, '', NULL, 0, -1),
(8089, 8087, 0, 740, 48, 'Consectetur mauris felis purus maecenas laoreet condimentum convallis felis curae purus', '2017-10-18 12:19:00', 0, '', NULL, 0, -1),
(8090, 0, 0, 741, 51, 'Tristique convallis consectetur tristique risus luctus pretium elementum ipsum dolor vestibulum consectetur maecenas adipiscing mollis', '2017-10-18 12:19:00', 0, '', NULL, 0, -1),
(8091, 8090, 0, 741, 47, 'Efficitur purus ultrices ipsum egestas fermentum nulla luctus curae fermentum mollis faucibus primis mauris tortor maecenas finibus feugiat metus condimentum', '2017-10-18 12:19:00', 0, '', NULL, 0, -1),
(8092, 8090, 0, 741, 45, 'Faucibus egestas mollis tortor vestibulum posuere risus condimentum', '2017-10-18 12:19:00', 0, '', NULL, 0, -1),
(8093, 8090, 0, 741, 51, 'Vestibulum elementum varius fermentum facilisi dolor libero ultrices purus luctus tincidunt posuere risus ultrices aliquam adipiscing', '2017-10-18 12:19:00', 0, '', NULL, 0, -1),
(8094, 0, 0, 741, 1, 'Consectetur accumsan mollis curae finibus curae metus purus fermentum consectetur', '2017-10-18 12:19:00', 1, '', NULL, 0, 1),
(8095, 8094, 0, 741, 46, 'Faucibus risus ipsum mauris mollis varius morbi adipiscing libero curae', '2017-10-18 12:19:00', 1, '', NULL, 0, 1),
(8096, 8094, 0, 741, 46, 'Aliquam suscipit faucibus metus morbi metus finibus vestibulum', '2017-10-18 12:19:00', 1, '', NULL, 0, 1),
(8097, 8094, 0, 741, 46, 'Magna curae ultrices vestibulum dolor varius aliquam magna facilisi purus lorem tortor primis metus accumsan feugiat faucibus morbi', '2017-10-18 12:19:00', 1, '', NULL, 0, 1),
(8098, 0, 0, 741, 44, 'Faucibus gravida quisque tincidunt mollis faucibus dolor condimentum mauris varius nulla mauris mauris consectetur quisque', '2017-10-18 12:19:00', 1, '', NULL, 0, 1),
(8099, 8098, 0, 741, 1, 'Accumsan vestibulum condimentum facilisi primis faucibus faucibus purus convallis cubilia mollis convallis mollis vestibulum fermentum fermentum', '2017-10-18 12:19:00', 1, '', NULL, 0, 1),
(8100, 8098, 0, 741, 47, 'Mollis faucibus mauris libero dolor ultrices mollis egestas adipiscing', '2017-10-18 12:19:00', 1, '', NULL, 0, 1);

-- --------------------------------------------------------

--
-- Структура таблицы `dislikes`
--

CREATE TABLE `dislikes` (
  `dislike_comment` int(10) UNSIGNED NOT NULL,
  `dislike_user` int(10) UNSIGNED NOT NULL
) ENGINE=InnoDB DEFAULT CHARSET=utf8 ROW_FORMAT=DYNAMIC;

--
-- Дамп данных таблицы `dislikes`
--

INSERT INTO `dislikes` (`dislike_comment`, `dislike_user`) VALUES
(7496, 49),
(7496, 49),
(7497, 50),
(7497, 46),
(7497, 51),
(7497, 52),
(7499, 45),
(7499, 50),
(7500, 51),
(7500, 52),
(7500, 51),
(7501, 1),
(7501, 46),
(7501, 50),
(7501, 52),
(7502, 51),
(7502, 51),
(7502, 52),
(7502, 45),
(7502, 44),
(7503, 48),
(7503, 1),
(7503, 49),
(7503, 48),
(7503, 1),
(7504, 52),
(7505, 44),
(7505, 51),
(7505, 44),
(7505, 48),
(7506, 43),
(7506, 45),
(7508, 47),
(7508, 50),
(7509, 49),
(7509, 44),
(7509, 48),
(7509, 48),
(7510, 52),
(7510, 51),
(7511, 52),
(7512, 43),
(7512, 52),
(7512, 2),
(7513, 52),
(7513, 51),
(7514, 52),
(7514, 48),
(7514, 1),
(7515, 46),
(7516, 49),
(7517, 48),
(7517, 50),
(7517, 51),
(7517, 44),
(7517, 50),
(7518, 44),
(7519, 47),
(7519, 2),
(7519, 48),
(7519, 49),
(7519, 1),
(7520, 49),
(7521, 45),
(7521, 49),
(7522, 1),
(7522, 44),
(7522, 1),
(7522, 51),
(7524, 52),
(7524, 50),
(7525, 49),
(7525, 44),
(7526, 46),
(7526, 49),
(7526, 50),
(7526, 50),
(7526, 50),
(7527, 2),
(7527, 2),
(7527, 2),
(7528, 49),
(7528, 44),
(7528, 47),
(7528, 43),
(7529, 48),
(7529, 2),
(7531, 52),
(7531, 44),
(7531, 1),
(7532, 45),
(7532, 1),
(7533, 49),
(7533, 43),
(7533, 49),
(7535, 47),
(7536, 50),
(7537, 1),
(7538, 44),
(7538, 47),
(7538, 48),
(7538, 47),
(7539, 50),
(7539, 52),
(7539, 1),
(7540, 45),
(7541, 49),
(7541, 45),
(7541, 50),
(7541, 44),
(7541, 48),
(7543, 50),
(7543, 52),
(7543, 46),
(7544, 44),
(7545, 47),
(7545, 2),
(7545, 46),
(7545, 2),
(7546, 44),
(7546, 47),
(7546, 2),
(7547, 51),
(7548, 52),
(7548, 49),
(7548, 45),
(7549, 50),
(7549, 2),
(7549, 45),
(7549, 1),
(7549, 47),
(7550, 49),
(7550, 47),
(7550, 45),
(7551, 48),
(7551, 2),
(7551, 43),
(7551, 43),
(7551, 46),
(7553, 46),
(7553, 46),
(7553, 45),
(7554, 52),
(7554, 45),
(7554, 46),
(7555, 1),
(7555, 47),
(7556, 52),
(7556, 51),
(7556, 45),
(7556, 49),
(7556, 48),
(7557, 48),
(7557, 52),
(7558, 50),
(7558, 52),
(7559, 48),
(7559, 2),
(7559, 43),
(7559, 48),
(7560, 43),
(7560, 44),
(7560, 50),
(7561, 49),
(7561, 43),
(7561, 43),
(7561, 43),
(7562, 45),
(7562, 47),
(7562, 49),
(7563, 2),
(7563, 48),
(7563, 48),
(7563, 49),
(7563, 48),
(7564, 52),
(7564, 43),
(7566, 2),
(7566, 46),
(7567, 52),
(7567, 50),
(7567, 47),
(7567, 45),
(7567, 45),
(7568, 1),
(7568, 47),
(7568, 47),
(7568, 49),
(7568, 47),
(7569, 52),
(7569, 1),
(7569, 44),
(7569, 50),
(7569, 2),
(7570, 45),
(7570, 51),
(7570, 51),
(7570, 47),
(7571, 51),
(7571, 47),
(7571, 48),
(7571, 50),
(7571, 51),
(7572, 50),
(7573, 45),
(7573, 2),
(7573, 52),
(7573, 43),
(7574, 1),
(7574, 48),
(7574, 1),
(7574, 45),
(7575, 49),
(7575, 48),
(7575, 51),
(7575, 44),
(7577, 52),
(7577, 1),
(7577, 1),
(7577, 44),
(7579, 1),
(7581, 50),
(7581, 44),
(7581, 44),
(7581, 50),
(7581, 46),
(7582, 2),
(7582, 48),
(7582, 2),
(7582, 43),
(7582, 2),
(7583, 44),
(7584, 52),
(7584, 48),
(7584, 2),
(7584, 44),
(7584, 44),
(7585, 49),
(7585, 48),
(7586, 2),
(7586, 49),
(7586, 2),
(7586, 44),
(7586, 1),
(7588, 52),
(7589, 44),
(7590, 1),
(7591, 47),
(7591, 45),
(7591, 2),
(7591, 1),
(7593, 50),
(7593, 47),
(7593, 2),
(7593, 50),
(7593, 45),
(7594, 44),
(7594, 47),
(7594, 52),
(7594, 50),
(7596, 49),
(7599, 49),
(7599, 46),
(7600, 52),
(7600, 50),
(7600, 47),
(7600, 44),
(7600, 51),
(7601, 51),
(7601, 49),
(7601, 52),
(7601, 49),
(7601, 1),
(7602, 48),
(7602, 50),
(7602, 47),
(7603, 1),
(7604, 45),
(7604, 47),
(7604, 2),
(7604, 43),
(7604, 2),
(7605, 48),
(7605, 51),
(7605, 51),
(7606, 45),
(7606, 52),
(7606, 47),
(7607, 49),
(7607, 2),
(7608, 1),
(7608, 45),
(7608, 49),
(7608, 1),
(7608, 1),
(7610, 1),
(7610, 2),
(7610, 48),
(7611, 50),
(7611, 45),
(7611, 45),
(7611, 51),
(7612, 48),
(7613, 51),
(7613, 45),
(7613, 45),
(7613, 48),
(7613, 49),
(7614, 46),
(7614, 50),
(7614, 1),
(7614, 52),
(7614, 45),
(7615, 47),
(7615, 45),
(7616, 52),
(7616, 52),
(7616, 48),
(7616, 49),
(7618, 43),
(7618, 51),
(7618, 50),
(7618, 48),
(7619, 45),
(7620, 2),
(7620, 43),
(7620, 47),
(7622, 49),
(7622, 47),
(7622, 52),
(7623, 46),
(7623, 45),
(7623, 50),
(7627, 50),
(7627, 50),
(7627, 48),
(7627, 52),
(7628, 45),
(7629, 49),
(7629, 2),
(7629, 47),
(7629, 48),
(7629, 45),
(7630, 47),
(7630, 2),
(7631, 48),
(7631, 43),
(7631, 47),
(7631, 43),
(7631, 48),
(7632, 44),
(7632, 46),
(7633, 51),
(7633, 50),
(7633, 44),
(7633, 2),
(7633, 47),
(7635, 48),
(7635, 46),
(7635, 43),
(7635, 44),
(7635, 2),
(7636, 1),
(7636, 44),
(7636, 1),
(7638, 1),
(7638, 50),
(7638, 46),
(7638, 49),
(7639, 52),
(7639, 50),
(7639, 52),
(7640, 1),
(7640, 51),
(7640, 47),
(7640, 51),
(7640, 43),
(7641, 48),
(7641, 50),
(7641, 51),
(7641, 48),
(7641, 50),
(7644, 48),
(7644, 49),
(7645, 48),
(7645, 1),
(7645, 49),
(7645, 43),
(7645, 46),
(7646, 50),
(7646, 43),
(7646, 49),
(7647, 43),
(7647, 50),
(7647, 50),
(7647, 51),
(7647, 46),
(7648, 50),
(7648, 46),
(7648, 43),
(7648, 43),
(7649, 51),
(7649, 1),
(7650, 50),
(7650, 50),
(7650, 50),
(7650, 45),
(7652, 48),
(7652, 46),
(7653, 51),
(7653, 47),
(7653, 49),
(7654, 46),
(7654, 51),
(7655, 52),
(7655, 43),
(7655, 50),
(7658, 50),
(7658, 49),
(7658, 50),
(7658, 46),
(7658, 51),
(7660, 48),
(7660, 46),
(7661, 44),
(7661, 43),
(7662, 48),
(7662, 45),
(7663, 50),
(7663, 46),
(7664, 1),
(7664, 51),
(7665, 52),
(7665, 43),
(7665, 45),
(7666, 51),
(7666, 52),
(7666, 45),
(7666, 47),
(7667, 1),
(7667, 52),
(7667, 50),
(7669, 47),
(7669, 51),
(7669, 50),
(7669, 43),
(7670, 50),
(7670, 52),
(7670, 44),
(7670, 1),
(7670, 45),
(7671, 50),
(7671, 51),
(7671, 48),
(7671, 51),
(7673, 43),
(7673, 49),
(7673, 44),
(7674, 45),
(7674, 2),
(7675, 47),
(7677, 1),
(7678, 49),
(7678, 1),
(7678, 43),
(7679, 45),
(7680, 43),
(7680, 49),
(7681, 52),
(7682, 45),
(7682, 43),
(7682, 50),
(7682, 51),
(7683, 47),
(7683, 2),
(7683, 48),
(7683, 52),
(7683, 50),
(7684, 1),
(7685, 1),
(7685, 1),
(7685, 2),
(7685, 51),
(7686, 1),
(7686, 44),
(7686, 43),
(7686, 49),
(7686, 52),
(7687, 52),
(7687, 2),
(7687, 47),
(7687, 51),
(7687, 51),
(7688, 48),
(7689, 48),
(7690, 52),
(7691, 1),
(7691, 45),
(7691, 51),
(7691, 50),
(7691, 49),
(7692, 46),
(7692, 45),
(7692, 43),
(7692, 45),
(7694, 50),
(7694, 50),
(7695, 49),
(7696, 44),
(7696, 48),
(7697, 48),
(7697, 47),
(7697, 50),
(7697, 49),
(7697, 52),
(7699, 47),
(7700, 44),
(7700, 48),
(7700, 51),
(7701, 46),
(7701, 52),
(7702, 45),
(7702, 52),
(7702, 48),
(7702, 2),
(7702, 44),
(7703, 50),
(7703, 48),
(7704, 1),
(7704, 45),
(7704, 1),
(7705, 1),
(7705, 44),
(7705, 1),
(7705, 2),
(7706, 49),
(7706, 48),
(7707, 1),
(7707, 47),
(7707, 48),
(7708, 2),
(7708, 50),
(7708, 2),
(7709, 44),
(7709, 44),
(7710, 51),
(7710, 1),
(7710, 43),
(7711, 45),
(7712, 50),
(7712, 43),
(7713, 43),
(7713, 45),
(7714, 1),
(7714, 45),
(7714, 51),
(7715, 51),
(7715, 49),
(7715, 1),
(7716, 51),
(7717, 46),
(7718, 45),
(7718, 46),
(7718, 45),
(7718, 44),
(7719, 50),
(7719, 46),
(7719, 46),
(7719, 50),
(7720, 50),
(7720, 43),
(7720, 2),
(7720, 52),
(7721, 49),
(7721, 45),
(7722, 2),
(7722, 44),
(7725, 51),
(7725, 51),
(7726, 46),
(7726, 50),
(7726, 47),
(7727, 43),
(7727, 50),
(7727, 44),
(7727, 52),
(7727, 52),
(7728, 44),
(7728, 1),
(7729, 46),
(7729, 50),
(7729, 45),
(7729, 49),
(7732, 47),
(7732, 44),
(7732, 45),
(7732, 47),
(7732, 45),
(7734, 48),
(7734, 52),
(7735, 1),
(7735, 44),
(7736, 46),
(7736, 2),
(7736, 43),
(7737, 47),
(7737, 48),
(7737, 49),
(7737, 43),
(7737, 44),
(7738, 44),
(7738, 48),
(7738, 45),
(7738, 2),
(7738, 50),
(7739, 48),
(7739, 51),
(7739, 50),
(7740, 46),
(7740, 52),
(7740, 51),
(7741, 52),
(7741, 50),
(7741, 1),
(7741, 1),
(7743, 1),
(7743, 43),
(7743, 46),
(7743, 1),
(7744, 48),
(7744, 44),
(7744, 49),
(7745, 47),
(7745, 46),
(7745, 48),
(7745, 45),
(7746, 46),
(7748, 43),
(7748, 1),
(7748, 43),
(7748, 50),
(7749, 1),
(7749, 50),
(7749, 46),
(7749, 47),
(7750, 50),
(7750, 46),
(7750, 2),
(7750, 46),
(7751, 2),
(7751, 45),
(7751, 52),
(7751, 52),
(7752, 2),
(7752, 48),
(7752, 47),
(7752, 45),
(7753, 45),
(7753, 44),
(7754, 49),
(7755, 1),
(7755, 52),
(7756, 51),
(7756, 2),
(7756, 51),
(7756, 1),
(7757, 50),
(7757, 45),
(7757, 1),
(7758, 1),
(7758, 50),
(7759, 43),
(7759, 48),
(7759, 44),
(7759, 45),
(7760, 1),
(7760, 44),
(7761, 52),
(7761, 44),
(7761, 43),
(7762, 48),
(7763, 49),
(7763, 46),
(7763, 48),
(7766, 1),
(7766, 51),
(7766, 47),
(7766, 49),
(7766, 43),
(7767, 49),
(7767, 2),
(7767, 44),
(7767, 51),
(7768, 1),
(7768, 51),
(7768, 2),
(7769, 52),
(7769, 51),
(7770, 47),
(7770, 51),
(7772, 44),
(7772, 47),
(7772, 51),
(7772, 2),
(7772, 46),
(7773, 1),
(7773, 1),
(7773, 1),
(7773, 44),
(7774, 51),
(7775, 47),
(7775, 47),
(7775, 45),
(7776, 43),
(7777, 48),
(7777, 49),
(7777, 46),
(7778, 51),
(7778, 43),
(7778, 50),
(7778, 50),
(7778, 51),
(7779, 51),
(7779, 48),
(7779, 51),
(7779, 51),
(7781, 50),
(7781, 45),
(7781, 47),
(7782, 2),
(7782, 43),
(7782, 46),
(7782, 45),
(7782, 52),
(7783, 45),
(7783, 48),
(7783, 45),
(7783, 50),
(7783, 44),
(7784, 2),
(7784, 46),
(7784, 45),
(7784, 2),
(7785, 45),
(7785, 46),
(7785, 43),
(7785, 2),
(7787, 43),
(7787, 46),
(7787, 1),
(7787, 1),
(7788, 51),
(7788, 52),
(7788, 51),
(7788, 43),
(7789, 48),
(7789, 50),
(7789, 43),
(7789, 52),
(7790, 49),
(7790, 48),
(7790, 1),
(7792, 51),
(7793, 50),
(7793, 47),
(7794, 52),
(7795, 47),
(7795, 1),
(7796, 46),
(7797, 1),
(7797, 49),
(7798, 46),
(7798, 43),
(7798, 1),
(7799, 50),
(7799, 44),
(7799, 49),
(7799, 51),
(7800, 47),
(7800, 50),
(7800, 2),
(7801, 49),
(7801, 43),
(7801, 44),
(7801, 51),
(7802, 43),
(7802, 47),
(7802, 52),
(7803, 48),
(7803, 44),
(7803, 44),
(7804, 49),
(7804, 1),
(7804, 44),
(7805, 51),
(7805, 46),
(7805, 1),
(7806, 46),
(7806, 48),
(7806, 1),
(7806, 50),
(7807, 46),
(7809, 51),
(7810, 47),
(7812, 44),
(7812, 51),
(7812, 44),
(7812, 47),
(7812, 49),
(7813, 49),
(7813, 44),
(7814, 45),
(7814, 47),
(7816, 46),
(7817, 47),
(7817, 48),
(7817, 48),
(7818, 51),
(7819, 2),
(7819, 46),
(7819, 52),
(7819, 44),
(7820, 1),
(7820, 48),
(7820, 46),
(7820, 2),
(7822, 44),
(7822, 50),
(7822, 44),
(7822, 46),
(7824, 45),
(7824, 50),
(7825, 43),
(7825, 43),
(7825, 45),
(7825, 49),
(7825, 48),
(7826, 44),
(7826, 2),
(7826, 44),
(7826, 52),
(7826, 45),
(7827, 1),
(7827, 43),
(7827, 50),
(7828, 49),
(7828, 1),
(7829, 46),
(7829, 48),
(7829, 2),
(7829, 49),
(7829, 1),
(7830, 46),
(7830, 2),
(7831, 46),
(7832, 49),
(7832, 46),
(7832, 52),
(7833, 43),
(7833, 50),
(7833, 51),
(7833, 43),
(7833, 51),
(7834, 45),
(7836, 52),
(7836, 2),
(7836, 52),
(7836, 46),
(7836, 51),
(7837, 48),
(7837, 1),
(7837, 43),
(7837, 51),
(7838, 52),
(7838, 50),
(7838, 46),
(7839, 51),
(7839, 45),
(7839, 48),
(7839, 49),
(7839, 47),
(7841, 47),
(7841, 45),
(7841, 51),
(7842, 52),
(7842, 52),
(7842, 52),
(7842, 1),
(7842, 43),
(7843, 46),
(7843, 49),
(7845, 48),
(7845, 44),
(7845, 47),
(7845, 44),
(7845, 47),
(7846, 45),
(7846, 47),
(7846, 43),
(7846, 50),
(7846, 52),
(7848, 46),
(7848, 52),
(7849, 2),
(7849, 51),
(7852, 1),
(7852, 2),
(7853, 1),
(7855, 46),
(7855, 50),
(7855, 49),
(7855, 51),
(7855, 45),
(7856, 50),
(7857, 2),
(7857, 43),
(7857, 51),
(7857, 47),
(7858, 45),
(7858, 44),
(7858, 51),
(7858, 44),
(7858, 2),
(7859, 49),
(7859, 50),
(7859, 43),
(7859, 45),
(7860, 46),
(7860, 45),
(7860, 2),
(7861, 46),
(7861, 46),
(7861, 49),
(7861, 45),
(7861, 52),
(7862, 50),
(7862, 2),
(7862, 48),
(7862, 51),
(7862, 46),
(7863, 43),
(7863, 2),
(7863, 48),
(7863, 50),
(7864, 50),
(7864, 47),
(7864, 47),
(7864, 45),
(7865, 1),
(7865, 47),
(7866, 45),
(7866, 51),
(7866, 49),
(7868, 50),
(7868, 51),
(7868, 49),
(7869, 49),
(7869, 48),
(7869, 51),
(7869, 47),
(7869, 43),
(7870, 43),
(7870, 1),
(7870, 49),
(7871, 52),
(7872, 43),
(7872, 43),
(7872, 48),
(7873, 49),
(7873, 48),
(7873, 49),
(7873, 45),
(7873, 50),
(7874, 50),
(7874, 43),
(7874, 1),
(7875, 46),
(7875, 51),
(7875, 46),
(7876, 43),
(7877, 45),
(7877, 43),
(7877, 48),
(7877, 1),
(7878, 52),
(7878, 2),
(7878, 51),
(7878, 49),
(7878, 45),
(7879, 46),
(7879, 48),
(7879, 50),
(7880, 52),
(7880, 48),
(7880, 50),
(7880, 50),
(7880, 48),
(7881, 50),
(7881, 46),
(7881, 2),
(7881, 50),
(7882, 48),
(7882, 44),
(7882, 47),
(7882, 48),
(7883, 1),
(7883, 48),
(7883, 2),
(7883, 47),
(7883, 43),
(7885, 49),
(7885, 44),
(7885, 47),
(7885, 1),
(7885, 52),
(7886, 1),
(7886, 45),
(7886, 50),
(7886, 52),
(7889, 2),
(7891, 1),
(7891, 52),
(7891, 51),
(7891, 43),
(7891, 1),
(7894, 45),
(7894, 1),
(7894, 52),
(7894, 52),
(7895, 48),
(7896, 45),
(7896, 48),
(7896, 49),
(7897, 50),
(7897, 44),
(7898, 2),
(7898, 46),
(7898, 2),
(7898, 43),
(7899, 47),
(7899, 51),
(7899, 43),
(7899, 50),
(7900, 45),
(7900, 2),
(7901, 52),
(7901, 48),
(7902, 48),
(7903, 51),
(7903, 43),
(7903, 47),
(7903, 1),
(7903, 52),
(7904, 2),
(7904, 46),
(7904, 50),
(7904, 51),
(7905, 50),
(7906, 52),
(7906, 1),
(7906, 2),
(7906, 2),
(7908, 44),
(7908, 50),
(7908, 44),
(7908, 1),
(7909, 1),
(7909, 45),
(7909, 43),
(7909, 49),
(7910, 43),
(7910, 1),
(7910, 45),
(7910, 49),
(7911, 49),
(7911, 48),
(7911, 2),
(7911, 1),
(7911, 43),
(7912, 49),
(7912, 51),
(7912, 45),
(7912, 52),
(7912, 44),
(7913, 49),
(7913, 50),
(7913, 44),
(7913, 52),
(7913, 52),
(7914, 46),
(7914, 46),
(7914, 44),
(7915, 52),
(7915, 49),
(7915, 50),
(7915, 48),
(7915, 46),
(7916, 50),
(7917, 52),
(7917, 50),
(7917, 2),
(7918, 1),
(7918, 2),
(7918, 47),
(7918, 47),
(7918, 52),
(7919, 45),
(7919, 44),
(7919, 49),
(7919, 51),
(7920, 51),
(7920, 50),
(7921, 48),
(7921, 1),
(7921, 49),
(7922, 1),
(7922, 50),
(7923, 49),
(7923, 51),
(7924, 43),
(7924, 2),
(7924, 50),
(7925, 49),
(7925, 50),
(7925, 47),
(7925, 49),
(7926, 48),
(7926, 45),
(7927, 47),
(7927, 47),
(7927, 44),
(7928, 51),
(7928, 49),
(7928, 46),
(7928, 45),
(7928, 46),
(7929, 45),
(7929, 50),
(7929, 46),
(7929, 47),
(7932, 2),
(7932, 48),
(7932, 2),
(7933, 2),
(7934, 44),
(7935, 46),
(7936, 50),
(7936, 49),
(7937, 49),
(7937, 1),
(7937, 2),
(7938, 51),
(7941, 50),
(7941, 47),
(7941, 51),
(7942, 47),
(7943, 49),
(7943, 47),
(7943, 44),
(7943, 2),
(7944, 48),
(7944, 51),
(7944, 49),
(7945, 48),
(7945, 47),
(7946, 47),
(7947, 45),
(7947, 48),
(7948, 1),
(7948, 46),
(7948, 2),
(7948, 52),
(7948, 49),
(7949, 43),
(7949, 43),
(7949, 2),
(7950, 43),
(7950, 49),
(7950, 47),
(7950, 49),
(7950, 50),
(7951, 51),
(7951, 46),
(7952, 46),
(7952, 2),
(7952, 44),
(7952, 45),
(7952, 47),
(7953, 51),
(7953, 43),
(7953, 50),
(7953, 52),
(7953, 44),
(7954, 45),
(7954, 47),
(7954, 52),
(7955, 50),
(7956, 52),
(7956, 45),
(7956, 45),
(7956, 1),
(7956, 52),
(7957, 48),
(7957, 1),
(7957, 1),
(7957, 50),
(7957, 51),
(7958, 52),
(7958, 43),
(7958, 45),
(7959, 2),
(7959, 47),
(7960, 49),
(7961, 47),
(7961, 47),
(7961, 45),
(7961, 50),
(7962, 43),
(7962, 51),
(7962, 46),
(7962, 49),
(7962, 43),
(7963, 44),
(7963, 44),
(7966, 44),
(7966, 51),
(7966, 47),
(7967, 47),
(7967, 48),
(7967, 44),
(7967, 46),
(7967, 48),
(7968, 49),
(7968, 46),
(7968, 46),
(7968, 1),
(7969, 52),
(7969, 44),
(7970, 52),
(7970, 48),
(7970, 2),
(7971, 52),
(7972, 47),
(7972, 45),
(7972, 2),
(7975, 45),
(7975, 44),
(7975, 43),
(7975, 49),
(7975, 49),
(7976, 48),
(7977, 43),
(7977, 43),
(7977, 50),
(7978, 43),
(7979, 47),
(7979, 47),
(7979, 2),
(7980, 52),
(7980, 47),
(7981, 45),
(7981, 2),
(7982, 2),
(7982, 46),
(7982, 45),
(7982, 48),
(7982, 50),
(7983, 45),
(7984, 51),
(7984, 48),
(7984, 50),
(7985, 2),
(7985, 1),
(7985, 43),
(7986, 50),
(7986, 1),
(7987, 47),
(7987, 43),
(7987, 51),
(7988, 50),
(7989, 49),
(7989, 45),
(7989, 48),
(7989, 1),
(7989, 49),
(7990, 47),
(7990, 47),
(7990, 46),
(7991, 52),
(7992, 2),
(7992, 45),
(7993, 49),
(7994, 47),
(7994, 2),
(7994, 45),
(7994, 45),
(7994, 43),
(7995, 44),
(7995, 47),
(7995, 43),
(7995, 1),
(7995, 51),
(7996, 52),
(7996, 51),
(7996, 47),
(7996, 1),
(7996, 46),
(7997, 45),
(7997, 44),
(7997, 1),
(7997, 44),
(7998, 47),
(7998, 50),
(7998, 50),
(7998, 47),
(7998, 43),
(7999, 46),
(7999, 48),
(7999, 48),
(8000, 1),
(8000, 43),
(8000, 50),
(8000, 47),
(8000, 52),
(8001, 44),
(8001, 52),
(8001, 50),
(8001, 52),
(8002, 2),
(8002, 43),
(8002, 47),
(8002, 50),
(8002, 46),
(8003, 47),
(8003, 2),
(8004, 47),
(8004, 46),
(8005, 47),
(8005, 50),
(8005, 46),
(8006, 49),
(8007, 52),
(8007, 51),
(8007, 45),
(8008, 52),
(8009, 48),
(8009, 51),
(8010, 48),
(8010, 2),
(8010, 46),
(8011, 50),
(8011, 47),
(8011, 52),
(8011, 51),
(8011, 49),
(8013, 49),
(8013, 50),
(8014, 51),
(8014, 2),
(8014, 46),
(8014, 50),
(8015, 50),
(8015, 50),
(8016, 45),
(8016, 50),
(8016, 50),
(8016, 47),
(8017, 51),
(8017, 44),
(8017, 43),
(8018, 48),
(8018, 46),
(8018, 47),
(8018, 2),
(8021, 49),
(8021, 43),
(8021, 46),
(8022, 48),
(8022, 2),
(8022, 46),
(8022, 51),
(8022, 44),
(8023, 43),
(8023, 50),
(8024, 47),
(8024, 50),
(8024, 47),
(8024, 50),
(8024, 47),
(8025, 52),
(8025, 50),
(8025, 51),
(8027, 52),
(8027, 44),
(8028, 1),
(8028, 52),
(8028, 1),
(8029, 51),
(8029, 48),
(8030, 48),
(8030, 43),
(8030, 51),
(8030, 45),
(8031, 49),
(8031, 48),
(8031, 47),
(8031, 44),
(8032, 51),
(8032, 50),
(8032, 51),
(8032, 45),
(8033, 46),
(8033, 44),
(8034, 2),
(8035, 44),
(8035, 2),
(8035, 50),
(8035, 45),
(8035, 48),
(8038, 45),
(8038, 52),
(8038, 48),
(8038, 48),
(8039, 48),
(8039, 46),
(8039, 44),
(8040, 52),
(8040, 48),
(8040, 1),
(8041, 50),
(8041, 48),
(8041, 51),
(8041, 48),
(8043, 52),
(8043, 52),
(8043, 1),
(8043, 44),
(8044, 2),
(8044, 51),
(8044, 49),
(8045, 51),
(8045, 44),
(8046, 48),
(8046, 50),
(8046, 46),
(8046, 43),
(8046, 47),
(8047, 1),
(8049, 44),
(8049, 52),
(8051, 52),
(8051, 47),
(8051, 50),
(8051, 47),
(8051, 51),
(8052, 44),
(8053, 47),
(8053, 43),
(8053, 47),
(8053, 47),
(8054, 43),
(8054, 47),
(8054, 1),
(8055, 1),
(8055, 2),
(8055, 2),
(8055, 44),
(8055, 49),
(8056, 43),
(8056, 48),
(8057, 48),
(8057, 45),
(8057, 43),
(8057, 44),
(8059, 50),
(8059, 1),
(8060, 2),
(8060, 45),
(8060, 46),
(8060, 43),
(8060, 49),
(8061, 46),
(8061, 48),
(8061, 51),
(8061, 45),
(8061, 2),
(8062, 52),
(8062, 49),
(8063, 45),
(8063, 1),
(8063, 44),
(8063, 2),
(8064, 51),
(8064, 52),
(8064, 49),
(8064, 51),
(8065, 1),
(8065, 2),
(8065, 48),
(8067, 2),
(8067, 43),
(8067, 1),
(8067, 51),
(8067, 49),
(8069, 46),
(8069, 48),
(8069, 2),
(8069, 48),
(8069, 51),
(8070, 2),
(8070, 50),
(8070, 2),
(8071, 49),
(8071, 46),
(8071, 50),
(8071, 47),
(8072, 44),
(8072, 1),
(8073, 44),
(8074, 52),
(8074, 43),
(8074, 50),
(8076, 52),
(8076, 44),
(8076, 52),
(8076, 1),
(8077, 46),
(8079, 45),
(8080, 44),
(8080, 2),
(8081, 1),
(8081, 2),
(8082, 52),
(8082, 2),
(8082, 2),
(8082, 2),
(8085, 1),
(8085, 46),
(8086, 43),
(8086, 43),
(8086, 1),
(8088, 47),
(8088, 2),
(8088, 43),
(8089, 43),
(8090, 44),
(8090, 50),
(8090, 45),
(8090, 44),
(8091, 52),
(8091, 2),
(8092, 43),
(8092, 48),
(8092, 46),
(8092, 49),
(8092, 52),
(8093, 45),
(8093, 50),
(8093, 52),
(8093, 46),
(8094, 43),
(8094, 50),
(8094, 2),
(8094, 1),
(8095, 51),
(8096, 48),
(8096, 49),
(8096, 48),
(8096, 50),
(8097, 45),
(8098, 2),
(8098, 43),
(8098, 48),
(8098, 1),
(8099, 49),
(8100, 45),
(8100, 52);

-- --------------------------------------------------------

--
-- Структура таблицы `images_of_article`
--

CREATE TABLE `images_of_article` (
  `id` int(10) UNSIGNED NOT NULL,
  `id_article` int(10) UNSIGNED NOT NULL,
  `num` int(10) UNSIGNED NOT NULL DEFAULT '0',
  `name` varchar(255) NOT NULL,
  `full_name` varchar(255) NOT NULL
) ENGINE=InnoDB DEFAULT CHARSET=utf8;

--
-- Дамп данных таблицы `images_of_article`
--

INSERT INTO `images_of_article` (`id`, `id_article`, `num`, `name`, `full_name`) VALUES
(1597, 692, 0, 'screenshot_13_13_106_1_1.jpg', '692_screenshot_13_13_106_1_1.jpg'),
(1598, 692, 0, 'screenshot_1_145_6_1_1.jpg', '692_screenshot_1_145_6_1_1.jpg'),
(1599, 692, 0, 'screenshot_8_34_9_1_1.jpg', '692_screenshot_8_34_9_1_1.jpg'),
(1600, 693, 0, '111_29_3_1.jpg', '693_111_29_3_1.jpg'),
(1601, 693, 0, '14_8_26_1.jpg', '693_14_8_26_1.jpg'),
(1602, 693, 0, '2333_4_1.jpg', '693_2333_4_1.jpg'),
(1603, 694, 0, '58ff805815f35_118677.jpg', '694_58ff805815f35_118677.jpg'),
(1604, 694, 0, '58ff8058761da_406769.jpg', '694_58ff8058761da_406769.jpg'),
(1605, 695, 0, 'lenovo_ideapad_100-15_80qq01guua_.jpg', '695_lenovo_ideapad_100-15_80qq01guua_.jpg'),
(1606, 695, 0, 'lenovo_ideapad_100-15_80qq01guua_1.jpg', '695_lenovo_ideapad_100-15_80qq01guua_1.jpg'),
(1607, 695, 0, 'lenovo_ideapad_100-15_80qq01guua_5.jpg', '695_lenovo_ideapad_100-15_80qq01guua_5.jpg'),
(1608, 696, 0, '172370_1_2.jpg', '696_172370_1_2.jpg'),
(1609, 696, 0, 'lenovo_yoga_500_80n600l5ua_.jpg', '696_lenovo_yoga_500_80n600l5ua_.jpg'),
(1610, 697, 0, 'asus_pu301_pu301la-ro173h.jpg', '697_asus_pu301_pu301la-ro173h.jpg'),
(1611, 697, 0, 'c_3_18_1.jpg', '697_c_3_18_1.jpg'),
(1612, 698, 0, '177532-2.jpg', '698_177532-2.jpg'),
(1613, 698, 0, '177532-3.jpg', '698_177532-3.jpg'),
(1614, 698, 0, '177532.jpg', '698_177532.jpg'),
(1615, 699, 0, 'pavilion_15ab115ur_n9s93ea_456629063349_1.jpg', '699_pavilion_15ab115ur_n9s93ea_456629063349_1.jpg'),
(1616, 699, 0, 'pavilion_15ab115ur_n9s93ea_456629067319_1.jpg', '699_pavilion_15ab115ur_n9s93ea_456629067319_1.jpg'),
(1617, 700, 0, 'hp_pavilion_15-ab221ur_p7r51ea_silver_1.jpg', '700_hp_pavilion_15-ab221ur_p7r51ea_silver_1.jpg'),
(1618, 700, 0, 'screenshot_5_56.jpg', '700_screenshot_5_56.jpg'),
(1619, 701, 0, '77777_3_1_1.jpg', '701_77777_3_1_1.jpg'),
(1620, 701, 0, 'zenbook_ux305fafc123t_white_456034219076_2.jpg', '701_zenbook_ux305fafc123t_white_456034219076_2.jpg'),
(1621, 701, 0, 'zenbook_ux305fafc123t_white_456034269284_2.jpg', '701_zenbook_ux305fafc123t_white_456034269284_2.jpg'),
(1622, 702, 0, '89ad7b7765c2_original.jpg', '702_89ad7b7765c2_original.jpg'),
(1623, 702, 0, 'bba565580bbc_original.jpg', '702_bba565580bbc_original.jpg'),
(1624, 703, 0, '777_4_3_1.jpg', '703_777_4_3_1.jpg'),
(1625, 703, 0, 'zenbook_ux305cafc074t_black_45768171482_1_2.jpg', '703_zenbook_ux305cafc074t_black_45768171482_1_2.jpg'),
(1626, 703, 0, 'zenbook_ux305cafc074t_black_457681720979_1_2.jpg', '703_zenbook_ux305cafc074t_black_457681720979_1_2.jpg'),
(1627, 704, 0, '73cf3553b882_original_1.jpg', '704_73cf3553b882_original_1.jpg'),
(1628, 704, 0, '80n600kyua_1.jpg', '704_80n600kyua_1.jpg'),
(1629, 705, 0, '46fa12eae64e6ca413e0e107f075bbd8.jpg', '705_46fa12eae64e6ca413e0e107f075bbd8.jpg'),
(1630, 705, 0, 'apple_a1534_macbook_12.jpg', '705_apple_a1534_macbook_12.jpg'),
(1631, 705, 0, 'screenshot_1_129_20.jpg', '705_screenshot_1_129_20.jpg'),
(1632, 706, 0, '1b6bba286dba35e1de727636670a1283_2.jpg', '706_1b6bba286dba35e1de727636670a1283_2.jpg'),
(1633, 706, 0, 'mlha2ua-a.jpg', '706_mlha2ua-a.jpg'),
(1634, 706, 0, 'tvi0000061316.jpg', '706_tvi0000061316.jpg'),
(1635, 707, 0, '177533-3_4.jpg', '707_177533-3_4.jpg'),
(1636, 707, 0, '177533_4.jpg', '707_177533_4.jpg'),
(1637, 708, 0, '216154.jpg', '708_216154.jpg'),
(1638, 708, 0, '216154_1_.jpg', '708_216154_1_.jpg'),
(1639, 708, 0, '216154_3_.jpg', '708_216154_3_.jpg'),
(1640, 709, 0, '216256-2.jpg', '709_216256-2.jpg'),
(1641, 709, 0, '216256.jpg', '709_216256.jpg'),
(1642, 710, 0, '245620-1.jpg', '710_245620-1.jpg'),
(1643, 710, 0, '245620-2.jpg', '710_245620-2.jpg'),
(1644, 710, 0, '245620.jpg', '710_245620.jpg'),
(1645, 711, 0, '245791-1.jpg', '711_245791-1.jpg'),
(1646, 711, 0, '245791-2.jpg', '711_245791-2.jpg'),
(1647, 711, 0, 'lenovo_ideapad_y900-17_80q1006jra_.jpg', '711_lenovo_ideapad_y900-17_80q1006jra_.jpg'),
(1648, 712, 0, 'screenshot_13_13_106_1_1.jpg', '712_screenshot_13_13_106_1_1.jpg'),
(1649, 712, 0, 'screenshot_1_145_6_1_1.jpg', '712_screenshot_1_145_6_1_1.jpg'),
(1650, 712, 0, 'screenshot_8_34_9_1_1.jpg', '712_screenshot_8_34_9_1_1.jpg'),
(1651, 713, 0, '111_29_3_1.jpg', '713_111_29_3_1.jpg'),
(1652, 713, 0, '14_8_26_1.jpg', '713_14_8_26_1.jpg'),
(1653, 713, 0, '2333_4_1.jpg', '713_2333_4_1.jpg'),
(1654, 714, 0, '58ff805815f35_118677.jpg', '714_58ff805815f35_118677.jpg'),
(1655, 714, 0, '58ff8058761da_406769.jpg', '714_58ff8058761da_406769.jpg'),
(1656, 715, 0, 'lenovo_ideapad_100-15_80qq01guua_.jpg', '715_lenovo_ideapad_100-15_80qq01guua_.jpg'),
(1657, 715, 0, 'lenovo_ideapad_100-15_80qq01guua_1.jpg', '715_lenovo_ideapad_100-15_80qq01guua_1.jpg'),
(1658, 715, 0, 'lenovo_ideapad_100-15_80qq01guua_5.jpg', '715_lenovo_ideapad_100-15_80qq01guua_5.jpg'),
(1659, 716, 0, '172370_1_2.jpg', '716_172370_1_2.jpg'),
(1660, 716, 0, 'lenovo_yoga_500_80n600l5ua_.jpg', '716_lenovo_yoga_500_80n600l5ua_.jpg'),
(1661, 717, 0, 'asus_pu301_pu301la-ro173h.jpg', '717_asus_pu301_pu301la-ro173h.jpg'),
(1662, 717, 0, 'c_3_18_1.jpg', '717_c_3_18_1.jpg'),
(1663, 718, 0, '177532-2.jpg', '718_177532-2.jpg'),
(1664, 718, 0, '177532-3.jpg', '718_177532-3.jpg'),
(1665, 718, 0, '177532.jpg', '718_177532.jpg'),
(1666, 719, 0, 'pavilion_15ab115ur_n9s93ea_456629063349_1.jpg', '719_pavilion_15ab115ur_n9s93ea_456629063349_1.jpg'),
(1667, 719, 0, 'pavilion_15ab115ur_n9s93ea_456629067319_1.jpg', '719_pavilion_15ab115ur_n9s93ea_456629067319_1.jpg'),
(1668, 720, 0, 'hp_pavilion_15-ab221ur_p7r51ea_silver_1.jpg', '720_hp_pavilion_15-ab221ur_p7r51ea_silver_1.jpg'),
(1669, 720, 0, 'screenshot_5_56.jpg', '720_screenshot_5_56.jpg'),
(1670, 721, 0, '77777_3_1_1.jpg', '721_77777_3_1_1.jpg'),
(1671, 721, 0, 'zenbook_ux305fafc123t_white_456034219076_2.jpg', '721_zenbook_ux305fafc123t_white_456034219076_2.jpg'),
(1672, 721, 0, 'zenbook_ux305fafc123t_white_456034269284_2.jpg', '721_zenbook_ux305fafc123t_white_456034269284_2.jpg'),
(1673, 722, 0, '89ad7b7765c2_original.jpg', '722_89ad7b7765c2_original.jpg'),
(1674, 722, 0, 'bba565580bbc_original.jpg', '722_bba565580bbc_original.jpg'),
(1675, 723, 0, '777_4_3_1.jpg', '723_777_4_3_1.jpg'),
(1676, 723, 0, 'zenbook_ux305cafc074t_black_45768171482_1_2.jpg', '723_zenbook_ux305cafc074t_black_45768171482_1_2.jpg'),
(1677, 723, 0, 'zenbook_ux305cafc074t_black_457681720979_1_2.jpg', '723_zenbook_ux305cafc074t_black_457681720979_1_2.jpg'),
(1678, 724, 0, '73cf3553b882_original_1.jpg', '724_73cf3553b882_original_1.jpg'),
(1679, 724, 0, '80n600kyua_1.jpg', '724_80n600kyua_1.jpg'),
(1680, 725, 0, '46fa12eae64e6ca413e0e107f075bbd8.jpg', '725_46fa12eae64e6ca413e0e107f075bbd8.jpg'),
(1681, 725, 0, 'apple_a1534_macbook_12.jpg', '725_apple_a1534_macbook_12.jpg'),
(1682, 725, 0, 'screenshot_1_129_20.jpg', '725_screenshot_1_129_20.jpg'),
(1683, 726, 0, '1b6bba286dba35e1de727636670a1283_2.jpg', '726_1b6bba286dba35e1de727636670a1283_2.jpg'),
(1684, 726, 0, 'mlha2ua-a.jpg', '726_mlha2ua-a.jpg'),
(1685, 726, 0, 'tvi0000061316.jpg', '726_tvi0000061316.jpg'),
(1686, 727, 0, '177533-3_4.jpg', '727_177533-3_4.jpg'),
(1687, 727, 0, '177533_4.jpg', '727_177533_4.jpg'),
(1688, 728, 0, '216154.jpg', '728_216154.jpg'),
(1689, 728, 0, '216154_1_.jpg', '728_216154_1_.jpg'),
(1690, 728, 0, '216154_3_.jpg', '728_216154_3_.jpg'),
(1691, 729, 0, '216256-2.jpg', '729_216256-2.jpg'),
(1692, 729, 0, '216256.jpg', '729_216256.jpg'),
(1693, 730, 0, '245620-1.jpg', '730_245620-1.jpg'),
(1694, 730, 0, '245620-2.jpg', '730_245620-2.jpg'),
(1695, 730, 0, '245620.jpg', '730_245620.jpg'),
(1696, 731, 0, '245791-1.jpg', '731_245791-1.jpg'),
(1697, 731, 0, '245791-2.jpg', '731_245791-2.jpg'),
(1698, 731, 0, 'lenovo_ideapad_y900-17_80q1006jra_.jpg', '731_lenovo_ideapad_y900-17_80q1006jra_.jpg'),
(1699, 732, 0, 'screenshot_13_13_106_1_1.jpg', '732_screenshot_13_13_106_1_1.jpg'),
(1700, 732, 0, 'screenshot_1_145_6_1_1.jpg', '732_screenshot_1_145_6_1_1.jpg'),
(1701, 732, 0, 'screenshot_8_34_9_1_1.jpg', '732_screenshot_8_34_9_1_1.jpg'),
(1702, 733, 0, '111_29_3_1.jpg', '733_111_29_3_1.jpg'),
(1703, 733, 0, '14_8_26_1.jpg', '733_14_8_26_1.jpg'),
(1704, 733, 0, '2333_4_1.jpg', '733_2333_4_1.jpg'),
(1705, 734, 0, '58ff805815f35_118677.jpg', '734_58ff805815f35_118677.jpg'),
(1706, 734, 0, '58ff8058761da_406769.jpg', '734_58ff8058761da_406769.jpg'),
(1707, 735, 0, 'lenovo_ideapad_100-15_80qq01guua_.jpg', '735_lenovo_ideapad_100-15_80qq01guua_.jpg'),
(1708, 735, 0, 'lenovo_ideapad_100-15_80qq01guua_1.jpg', '735_lenovo_ideapad_100-15_80qq01guua_1.jpg'),
(1709, 735, 0, 'lenovo_ideapad_100-15_80qq01guua_5.jpg', '735_lenovo_ideapad_100-15_80qq01guua_5.jpg'),
(1710, 736, 0, '172370_1_2.jpg', '736_172370_1_2.jpg'),
(1711, 736, 0, 'lenovo_yoga_500_80n600l5ua_.jpg', '736_lenovo_yoga_500_80n600l5ua_.jpg'),
(1712, 737, 0, 'asus_pu301_pu301la-ro173h.jpg', '737_asus_pu301_pu301la-ro173h.jpg'),
(1713, 737, 0, 'c_3_18_1.jpg', '737_c_3_18_1.jpg'),
(1714, 738, 0, '177532-2.jpg', '738_177532-2.jpg'),
(1715, 738, 0, '177532-3.jpg', '738_177532-3.jpg'),
(1716, 738, 0, '177532.jpg', '738_177532.jpg'),
(1717, 739, 0, 'pavilion_15ab115ur_n9s93ea_456629063349_1.jpg', '739_pavilion_15ab115ur_n9s93ea_456629063349_1.jpg'),
(1718, 739, 0, 'pavilion_15ab115ur_n9s93ea_456629067319_1.jpg', '739_pavilion_15ab115ur_n9s93ea_456629067319_1.jpg'),
(1719, 740, 0, 'hp_pavilion_15-ab221ur_p7r51ea_silver_1.jpg', '740_hp_pavilion_15-ab221ur_p7r51ea_silver_1.jpg'),
(1720, 740, 0, 'screenshot_5_56.jpg', '740_screenshot_5_56.jpg'),
(1721, 741, 0, '77777_3_1_1.jpg', '741_77777_3_1_1.jpg'),
(1722, 741, 0, 'zenbook_ux305fafc123t_white_456034219076_2.jpg', '741_zenbook_ux305fafc123t_white_456034219076_2.jpg'),
(1723, 741, 0, 'zenbook_ux305fafc123t_white_456034269284_2.jpg', '741_zenbook_ux305fafc123t_white_456034269284_2.jpg');

-- --------------------------------------------------------

--
-- Структура таблицы `likes`
--

CREATE TABLE `likes` (
  `like_comment` int(10) UNSIGNED NOT NULL,
  `like_user` int(10) UNSIGNED NOT NULL
) ENGINE=InnoDB DEFAULT CHARSET=utf8 ROW_FORMAT=DYNAMIC;

--
-- Дамп данных таблицы `likes`
--

INSERT INTO `likes` (`like_comment`, `like_user`) VALUES
(7496, 45),
(7496, 52),
(7496, 1),
(7496, 43),
(7496, 43),
(7496, 2),
(7496, 1),
(7497, 47),
(7497, 45),
(7497, 48),
(7498, 52),
(7498, 47),
(7499, 1),
(7499, 1),
(7499, 51),
(7499, 50),
(7499, 44),
(7501, 44),
(7501, 51),
(7501, 47),
(7501, 51),
(7501, 52),
(7501, 49),
(7501, 49),
(7502, 1),
(7502, 45),
(7502, 2),
(7502, 49),
(7503, 1),
(7503, 44),
(7503, 2),
(7503, 49),
(7506, 48),
(7507, 43),
(7507, 52),
(7508, 46),
(7508, 48),
(7508, 43),
(7508, 43),
(7508, 44),
(7510, 46),
(7510, 50),
(7511, 49),
(7511, 52),
(7511, 44),
(7512, 51),
(7512, 47),
(7512, 50),
(7512, 47),
(7512, 48),
(7512, 46),
(7513, 50),
(7514, 1),
(7514, 47),
(7514, 51),
(7514, 47),
(7515, 2),
(7516, 51),
(7516, 50),
(7516, 44),
(7516, 49),
(7516, 45),
(7516, 43),
(7516, 52),
(7517, 52),
(7517, 46),
(7517, 48),
(7517, 48),
(7517, 44),
(7519, 44),
(7519, 45),
(7519, 2),
(7519, 45),
(7519, 49),
(7519, 2),
(7520, 1),
(7520, 44),
(7520, 48),
(7520, 49),
(7521, 45),
(7521, 2),
(7521, 48),
(7521, 52),
(7521, 47),
(7521, 49),
(7521, 52),
(7522, 2),
(7522, 50),
(7522, 50),
(7522, 1),
(7522, 2),
(7522, 44),
(7522, 46),
(7524, 49),
(7524, 43),
(7524, 52),
(7524, 45),
(7524, 47),
(7524, 49),
(7525, 52),
(7526, 50),
(7526, 47),
(7526, 49),
(7528, 47),
(7528, 43),
(7528, 51),
(7528, 43),
(7528, 48),
(7528, 52),
(7529, 43),
(7529, 46),
(7529, 52),
(7529, 45),
(7529, 48),
(7530, 49),
(7530, 44),
(7530, 2),
(7530, 43),
(7530, 43),
(7530, 45),
(7531, 47),
(7531, 48),
(7531, 51),
(7531, 46),
(7531, 51),
(7531, 51),
(7531, 45),
(7532, 52),
(7532, 52),
(7532, 46),
(7532, 48),
(7532, 46),
(7532, 44),
(7532, 52),
(7533, 50),
(7533, 49),
(7533, 48),
(7533, 1),
(7533, 43),
(7533, 2),
(7533, 50),
(7534, 51),
(7534, 46),
(7534, 51),
(7534, 47),
(7535, 1),
(7535, 51),
(7535, 2),
(7535, 51),
(7535, 51),
(7536, 52),
(7536, 50),
(7537, 51),
(7537, 48),
(7537, 47),
(7538, 48),
(7538, 51),
(7538, 52),
(7538, 1),
(7539, 45),
(7539, 51),
(7539, 44),
(7540, 44),
(7540, 43),
(7540, 43),
(7540, 48),
(7540, 52),
(7540, 44),
(7541, 50),
(7541, 50),
(7541, 44),
(7541, 44),
(7541, 49),
(7541, 46),
(7541, 49),
(7542, 43),
(7542, 45),
(7542, 49),
(7542, 52),
(7543, 52),
(7544, 46),
(7544, 45),
(7544, 44),
(7545, 52),
(7545, 43),
(7545, 52),
(7545, 47),
(7545, 50),
(7545, 1),
(7546, 49),
(7546, 47),
(7547, 51),
(7548, 52),
(7548, 46),
(7550, 2),
(7550, 2),
(7550, 49),
(7550, 52),
(7550, 47),
(7551, 2),
(7552, 46),
(7552, 49),
(7552, 45),
(7552, 2),
(7553, 50),
(7553, 50),
(7554, 49),
(7554, 46),
(7554, 44),
(7554, 43),
(7554, 1),
(7555, 43),
(7555, 46),
(7556, 2),
(7556, 51),
(7556, 48),
(7558, 45),
(7558, 50),
(7559, 50),
(7559, 45),
(7559, 51),
(7559, 48),
(7559, 47),
(7560, 43),
(7560, 51),
(7560, 45),
(7561, 2),
(7562, 43),
(7562, 1),
(7562, 1),
(7562, 48),
(7562, 2),
(7562, 50),
(7562, 47),
(7563, 48),
(7566, 43),
(7566, 48),
(7566, 46),
(7566, 49),
(7566, 47),
(7566, 46),
(7567, 44),
(7567, 47),
(7568, 43),
(7568, 50),
(7569, 49),
(7569, 46),
(7569, 43),
(7569, 46),
(7570, 43),
(7570, 1),
(7570, 2),
(7572, 1),
(7572, 47),
(7572, 47),
(7572, 51),
(7572, 50),
(7572, 2),
(7572, 51),
(7573, 43),
(7573, 43),
(7573, 49),
(7573, 2),
(7574, 46),
(7574, 48),
(7574, 1),
(7574, 48),
(7574, 44),
(7574, 46),
(7574, 43),
(7576, 46),
(7576, 49),
(7576, 51),
(7576, 47),
(7577, 49),
(7577, 1),
(7577, 43),
(7577, 50),
(7577, 45),
(7577, 50),
(7577, 51),
(7578, 43),
(7579, 1),
(7579, 44),
(7579, 50),
(7579, 43),
(7579, 1),
(7579, 46),
(7580, 52),
(7580, 2),
(7580, 47),
(7580, 47),
(7581, 47),
(7581, 51),
(7581, 1),
(7581, 52),
(7581, 52),
(7582, 48),
(7582, 51),
(7582, 43),
(7582, 44),
(7582, 47),
(7582, 48),
(7583, 1),
(7583, 43),
(7583, 43),
(7583, 43),
(7583, 2),
(7583, 52),
(7583, 51),
(7584, 50),
(7584, 2),
(7584, 43),
(7584, 45),
(7584, 52),
(7584, 2),
(7585, 47),
(7585, 1),
(7585, 43),
(7586, 51),
(7586, 45),
(7586, 48),
(7587, 46),
(7587, 51),
(7587, 1),
(7587, 49),
(7587, 2),
(7588, 48),
(7588, 46),
(7588, 52),
(7588, 46),
(7588, 47),
(7588, 48),
(7588, 43),
(7589, 51),
(7589, 45),
(7589, 2),
(7589, 46),
(7590, 43),
(7590, 47),
(7590, 49),
(7590, 47),
(7590, 52),
(7591, 44),
(7594, 2),
(7595, 50),
(7596, 50),
(7596, 47),
(7596, 2),
(7596, 52),
(7596, 43),
(7596, 43),
(7597, 48),
(7597, 48),
(7597, 49),
(7599, 46),
(7599, 46),
(7599, 44),
(7599, 48),
(7599, 2),
(7599, 2),
(7599, 1),
(7600, 51),
(7600, 43),
(7601, 1),
(7601, 1),
(7601, 52),
(7601, 52),
(7601, 50),
(7602, 52),
(7602, 49),
(7602, 46),
(7602, 49),
(7602, 46),
(7602, 47),
(7603, 52),
(7603, 51),
(7604, 43),
(7604, 46),
(7604, 48),
(7604, 52),
(7604, 50),
(7604, 2),
(7605, 47),
(7605, 52),
(7605, 2),
(7605, 2),
(7606, 51),
(7606, 47),
(7606, 43),
(7606, 44),
(7607, 49),
(7607, 49),
(7607, 48),
(7607, 47),
(7607, 48),
(7607, 43),
(7608, 44),
(7610, 49),
(7610, 50),
(7610, 51),
(7610, 1),
(7610, 43),
(7610, 47),
(7610, 52),
(7611, 52),
(7611, 51),
(7611, 46),
(7611, 45),
(7611, 52),
(7612, 46),
(7612, 52),
(7612, 46),
(7612, 44),
(7612, 45),
(7613, 1),
(7614, 47),
(7614, 45),
(7614, 2),
(7614, 50),
(7614, 50),
(7615, 45),
(7615, 46),
(7615, 50),
(7615, 47),
(7616, 2),
(7616, 52),
(7616, 49),
(7616, 51),
(7616, 43),
(7618, 44),
(7618, 43),
(7618, 51),
(7618, 50),
(7618, 46),
(7619, 51),
(7619, 52),
(7619, 52),
(7619, 46),
(7620, 52),
(7620, 1),
(7620, 50),
(7620, 51),
(7620, 49),
(7620, 48),
(7620, 52),
(7621, 50),
(7621, 45),
(7622, 49),
(7622, 51),
(7622, 2),
(7622, 48),
(7622, 48),
(7622, 46),
(7624, 49),
(7624, 52),
(7625, 2),
(7625, 2),
(7625, 49),
(7625, 48),
(7625, 45),
(7625, 46),
(7625, 44),
(7626, 52),
(7626, 45),
(7626, 49),
(7627, 44),
(7627, 43),
(7627, 44),
(7628, 49),
(7628, 46),
(7628, 44),
(7628, 47),
(7628, 43),
(7628, 51),
(7629, 44),
(7629, 2),
(7629, 50),
(7629, 50),
(7629, 51),
(7631, 47),
(7631, 47),
(7631, 46),
(7631, 45),
(7631, 46),
(7631, 49),
(7631, 48),
(7632, 49),
(7632, 44),
(7632, 44),
(7632, 46),
(7633, 43),
(7633, 2),
(7633, 2),
(7633, 44),
(7633, 46),
(7635, 52),
(7635, 45),
(7635, 2),
(7635, 48),
(7635, 49),
(7635, 1),
(7636, 47),
(7636, 2),
(7638, 50),
(7638, 1),
(7638, 46),
(7638, 45),
(7639, 51),
(7639, 44),
(7639, 47),
(7640, 50),
(7640, 43),
(7640, 47),
(7640, 50),
(7641, 46),
(7641, 46),
(7641, 48),
(7641, 46),
(7641, 50),
(7642, 48),
(7642, 46),
(7642, 48),
(7643, 50),
(7643, 49),
(7643, 2),
(7644, 45),
(7644, 51),
(7644, 48),
(7644, 47),
(7645, 49),
(7646, 49),
(7646, 47),
(7646, 52),
(7647, 51),
(7649, 46),
(7649, 50),
(7649, 46),
(7650, 47),
(7650, 51),
(7650, 1),
(7651, 43),
(7651, 48),
(7652, 52),
(7652, 47),
(7653, 51),
(7653, 49),
(7653, 48),
(7653, 44),
(7653, 48),
(7653, 52),
(7653, 2),
(7654, 46),
(7655, 45),
(7655, 46),
(7655, 52),
(7655, 48),
(7655, 1),
(7655, 44),
(7657, 44),
(7657, 49),
(7657, 49),
(7657, 45),
(7657, 44),
(7657, 46),
(7657, 52),
(7658, 47),
(7658, 2),
(7658, 48),
(7658, 49),
(7658, 45),
(7658, 43),
(7658, 47),
(7659, 48),
(7659, 2),
(7660, 47),
(7660, 48),
(7660, 45),
(7660, 1),
(7660, 44),
(7660, 1),
(7661, 51),
(7661, 44),
(7661, 44),
(7661, 49),
(7661, 52),
(7661, 50),
(7661, 44),
(7662, 52),
(7662, 2),
(7662, 48),
(7662, 51),
(7662, 45),
(7662, 47),
(7662, 46),
(7663, 46),
(7663, 44),
(7663, 1),
(7663, 2),
(7663, 47),
(7663, 51),
(7665, 45),
(7666, 44),
(7666, 51),
(7667, 51),
(7667, 48),
(7667, 49),
(7667, 2),
(7667, 44),
(7667, 2),
(7668, 44),
(7668, 52),
(7668, 43),
(7668, 51),
(7668, 44),
(7668, 51),
(7668, 2),
(7669, 47),
(7669, 2),
(7670, 49),
(7670, 46),
(7670, 48),
(7670, 48),
(7670, 46),
(7670, 47),
(7670, 52),
(7671, 50),
(7671, 44),
(7671, 51),
(7671, 49),
(7671, 1),
(7671, 52),
(7671, 51),
(7672, 47),
(7672, 1),
(7673, 2),
(7673, 44),
(7673, 52),
(7673, 1),
(7674, 52),
(7674, 44),
(7674, 47),
(7676, 44),
(7676, 2),
(7676, 52),
(7676, 44),
(7677, 44),
(7677, 2),
(7677, 45),
(7677, 50),
(7677, 2),
(7677, 46),
(7678, 50),
(7678, 48),
(7679, 51),
(7679, 2),
(7679, 51),
(7679, 46),
(7679, 50),
(7679, 48),
(7679, 51),
(7680, 46),
(7681, 1),
(7681, 45),
(7681, 1),
(7682, 43),
(7682, 2),
(7683, 49),
(7683, 47),
(7684, 46),
(7684, 47),
(7685, 2),
(7685, 47),
(7686, 52),
(7686, 47),
(7686, 52),
(7686, 2),
(7686, 48),
(7686, 48),
(7687, 52),
(7687, 52),
(7688, 49),
(7688, 47),
(7688, 45),
(7688, 49),
(7689, 45),
(7689, 48),
(7689, 51),
(7689, 1),
(7690, 46),
(7690, 49),
(7692, 47),
(7692, 51),
(7692, 2),
(7692, 46),
(7692, 47),
(7693, 47),
(7693, 44),
(7693, 47),
(7693, 1),
(7693, 45),
(7693, 50),
(7693, 48),
(7695, 1),
(7695, 45),
(7695, 44),
(7695, 50),
(7695, 2),
(7696, 49),
(7697, 44),
(7697, 48),
(7697, 49),
(7697, 51),
(7697, 46),
(7697, 43),
(7697, 51),
(7698, 48),
(7698, 47),
(7698, 49),
(7698, 1),
(7698, 49),
(7698, 2),
(7698, 47),
(7699, 48),
(7700, 50),
(7700, 51),
(7700, 1),
(7701, 46),
(7702, 48),
(7703, 46),
(7703, 49),
(7703, 52),
(7703, 47),
(7703, 49),
(7703, 52),
(7703, 51),
(7704, 52),
(7704, 1),
(7704, 52),
(7704, 46),
(7704, 47),
(7704, 2),
(7704, 49),
(7705, 46),
(7705, 44),
(7705, 45),
(7705, 50),
(7705, 43),
(7705, 2),
(7706, 47),
(7706, 52),
(7706, 50),
(7707, 44),
(7707, 44),
(7707, 1),
(7707, 44),
(7708, 52),
(7708, 44),
(7708, 47),
(7708, 52),
(7708, 47),
(7710, 47),
(7711, 46),
(7711, 43),
(7711, 43),
(7712, 47),
(7712, 46),
(7712, 1),
(7712, 50),
(7712, 43),
(7712, 49),
(7713, 48),
(7713, 51),
(7713, 51),
(7714, 50),
(7714, 47),
(7716, 46),
(7716, 48),
(7716, 49),
(7716, 49),
(7716, 45),
(7716, 49),
(7717, 2),
(7717, 50),
(7717, 2),
(7717, 1),
(7718, 45),
(7719, 46),
(7719, 1),
(7719, 44),
(7719, 47),
(7720, 52),
(7720, 47),
(7720, 43),
(7720, 45),
(7720, 47),
(7720, 47),
(7721, 52),
(7721, 47),
(7721, 52),
(7721, 49),
(7721, 1),
(7721, 2),
(7722, 51),
(7722, 1),
(7722, 43),
(7722, 1),
(7722, 44),
(7722, 52),
(7722, 43),
(7723, 51),
(7723, 2),
(7724, 2),
(7725, 49),
(7725, 51),
(7725, 1),
(7725, 45),
(7725, 47),
(7726, 44),
(7726, 1),
(7726, 52),
(7726, 49),
(7726, 1),
(7726, 51),
(7726, 50),
(7727, 50),
(7727, 1),
(7727, 51),
(7727, 46),
(7727, 1),
(7728, 50),
(7728, 51),
(7728, 49),
(7728, 48),
(7728, 1),
(7729, 44),
(7729, 49),
(7729, 46),
(7729, 2),
(7729, 47),
(7729, 45),
(7731, 51),
(7731, 46),
(7731, 2),
(7731, 48),
(7731, 52),
(7731, 52),
(7731, 44),
(7732, 52),
(7732, 47),
(7732, 43),
(7732, 46),
(7732, 44),
(7732, 48),
(7732, 45),
(7733, 51),
(7733, 52),
(7733, 43),
(7733, 52),
(7733, 50),
(7734, 50),
(7734, 49),
(7734, 48),
(7735, 46),
(7735, 46),
(7735, 51),
(7735, 1),
(7736, 48),
(7736, 49),
(7736, 47),
(7736, 46),
(7737, 43),
(7737, 49),
(7737, 2),
(7737, 51),
(7737, 46),
(7737, 51),
(7738, 52),
(7738, 46),
(7738, 45),
(7738, 46),
(7738, 51),
(7738, 46),
(7740, 48),
(7740, 2),
(7741, 52),
(7741, 48),
(7741, 2),
(7741, 49),
(7742, 45),
(7743, 48),
(7743, 44),
(7743, 49),
(7743, 2),
(7743, 50),
(7744, 47),
(7744, 44),
(7744, 45),
(7744, 47),
(7744, 51),
(7744, 47),
(7744, 47),
(7745, 49),
(7745, 50),
(7747, 2),
(7747, 49),
(7747, 51),
(7748, 48),
(7748, 48),
(7748, 1),
(7748, 52),
(7749, 48),
(7749, 1),
(7749, 49),
(7749, 49),
(7749, 45),
(7749, 2),
(7749, 2),
(7750, 47),
(7751, 52),
(7752, 52),
(7752, 49),
(7752, 1),
(7752, 45),
(7752, 50),
(7752, 2),
(7752, 1),
(7753, 44),
(7753, 1),
(7753, 45),
(7754, 43),
(7755, 45),
(7756, 45),
(7757, 49),
(7757, 52),
(7757, 43),
(7757, 1),
(7757, 48),
(7757, 2),
(7757, 1),
(7758, 43),
(7758, 45),
(7758, 1),
(7758, 1),
(7758, 52),
(7759, 49),
(7759, 43),
(7759, 2),
(7759, 49),
(7759, 51),
(7759, 52),
(7761, 51),
(7761, 43),
(7761, 49),
(7761, 1),
(7761, 51),
(7761, 1),
(7761, 48),
(7762, 45),
(7765, 51),
(7766, 51),
(7766, 43),
(7766, 1),
(7766, 50),
(7766, 1),
(7766, 45),
(7767, 48),
(7767, 2),
(7767, 51),
(7767, 45),
(7768, 51),
(7769, 52),
(7769, 47),
(7770, 52),
(7770, 44),
(7771, 47),
(7771, 46),
(7771, 46),
(7771, 47),
(7772, 45),
(7772, 46),
(7772, 48),
(7772, 50),
(7772, 43),
(7772, 44),
(7773, 46),
(7773, 43),
(7773, 52),
(7773, 50),
(7773, 52),
(7773, 47),
(7775, 47),
(7777, 52),
(7777, 49),
(7777, 51),
(7778, 49),
(7778, 49),
(7778, 48),
(7778, 48),
(7778, 50),
(7778, 44),
(7779, 50),
(7779, 46),
(7779, 46),
(7779, 43),
(7779, 51),
(7779, 2),
(7779, 51),
(7780, 45),
(7780, 46),
(7780, 2),
(7780, 2),
(7780, 45),
(7780, 44),
(7780, 50),
(7781, 50),
(7781, 46),
(7781, 52),
(7781, 2),
(7781, 46),
(7781, 48),
(7782, 1),
(7782, 49),
(7782, 45),
(7782, 50),
(7782, 47),
(7782, 43),
(7782, 43),
(7783, 48),
(7783, 48),
(7783, 1),
(7783, 47),
(7783, 50),
(7783, 46),
(7784, 1),
(7784, 44),
(7784, 50),
(7785, 43),
(7785, 48),
(7785, 47),
(7785, 52),
(7785, 45),
(7785, 45),
(7785, 44),
(7786, 47),
(7786, 2),
(7786, 46),
(7786, 50),
(7787, 44),
(7788, 50),
(7788, 46),
(7788, 51),
(7790, 48),
(7790, 47),
(7790, 2),
(7790, 47),
(7791, 50),
(7791, 49),
(7791, 52),
(7791, 52),
(7791, 43),
(7792, 48),
(7792, 52),
(7792, 48),
(7792, 45),
(7792, 47),
(7792, 50),
(7793, 51),
(7793, 1),
(7793, 49),
(7793, 52),
(7793, 52),
(7793, 46),
(7793, 43),
(7794, 47),
(7794, 50),
(7794, 44),
(7794, 51),
(7794, 1),
(7795, 48),
(7795, 43),
(7795, 45),
(7795, 44),
(7796, 52),
(7796, 48),
(7796, 46),
(7796, 47),
(7796, 45),
(7796, 46),
(7797, 52),
(7797, 45),
(7797, 43),
(7797, 45),
(7797, 2),
(7797, 1),
(7798, 45),
(7799, 1),
(7799, 1),
(7800, 51),
(7800, 48),
(7802, 49),
(7802, 51),
(7802, 48),
(7802, 44),
(7802, 49),
(7802, 48),
(7802, 2),
(7803, 52),
(7804, 2),
(7804, 50),
(7804, 49),
(7807, 51),
(7807, 44),
(7807, 47),
(7807, 2),
(7807, 50),
(7808, 46),
(7808, 45),
(7808, 1),
(7808, 2),
(7808, 50),
(7808, 44),
(7809, 2),
(7809, 1),
(7810, 51),
(7811, 49),
(7811, 1),
(7811, 2),
(7811, 52),
(7811, 1),
(7811, 47),
(7811, 49),
(7813, 43),
(7813, 46),
(7813, 45),
(7813, 43),
(7813, 46),
(7813, 52),
(7813, 2),
(7814, 51),
(7814, 50),
(7814, 1),
(7814, 47),
(7814, 51),
(7814, 45),
(7815, 45),
(7815, 45),
(7815, 50),
(7815, 52),
(7815, 1),
(7817, 43),
(7817, 51),
(7817, 45),
(7817, 1),
(7817, 44),
(7818, 48),
(7818, 45),
(7818, 2),
(7818, 48),
(7819, 52),
(7819, 51),
(7820, 52),
(7820, 52),
(7820, 52),
(7820, 47),
(7821, 46),
(7821, 51),
(7821, 45),
(7821, 46),
(7821, 51),
(7822, 48),
(7822, 52),
(7823, 1),
(7823, 43),
(7823, 45),
(7823, 47),
(7824, 1),
(7824, 44),
(7824, 52),
(7824, 45),
(7824, 50),
(7824, 44),
(7824, 44),
(7825, 50),
(7826, 50),
(7826, 44),
(7826, 49),
(7826, 50),
(7826, 43),
(7826, 44),
(7826, 46),
(7827, 46),
(7827, 51),
(7827, 45),
(7828, 47),
(7828, 43),
(7828, 50),
(7829, 44),
(7830, 49),
(7830, 48),
(7830, 45),
(7830, 1),
(7830, 43),
(7830, 46),
(7831, 45),
(7831, 52),
(7831, 44),
(7831, 45),
(7831, 1),
(7833, 52),
(7833, 52),
(7833, 2),
(7834, 52),
(7834, 51),
(7835, 47),
(7835, 43),
(7835, 46),
(7835, 46),
(7835, 43),
(7835, 2),
(7835, 46),
(7836, 45),
(7836, 51),
(7836, 47),
(7836, 1),
(7836, 1),
(7836, 46),
(7839, 47),
(7839, 50),
(7841, 47),
(7841, 51),
(7841, 47),
(7841, 46),
(7842, 46),
(7842, 49),
(7842, 45),
(7842, 1),
(7842, 49),
(7842, 49),
(7843, 49),
(7843, 2),
(7843, 44),
(7843, 51),
(7844, 51),
(7845, 46),
(7845, 44),
(7845, 50),
(7845, 46),
(7845, 48),
(7845, 45),
(7846, 47),
(7846, 45),
(7846, 51),
(7846, 48),
(7846, 45),
(7846, 43),
(7847, 49),
(7847, 51),
(7847, 49),
(7847, 43),
(7848, 46),
(7848, 1),
(7848, 50),
(7849, 49),
(7849, 48),
(7849, 51),
(7849, 50),
(7849, 46),
(7849, 45),
(7849, 43),
(7850, 44),
(7850, 49),
(7851, 44),
(7851, 48),
(7851, 48),
(7851, 46),
(7852, 2),
(7852, 46),
(7852, 47),
(7853, 51),
(7853, 51),
(7853, 49),
(7853, 46),
(7854, 51),
(7854, 45),
(7854, 47),
(7854, 47),
(7854, 1),
(7854, 50),
(7855, 51),
(7855, 49),
(7856, 47),
(7856, 45),
(7856, 43),
(7856, 51),
(7857, 43),
(7860, 46),
(7860, 50),
(7860, 49),
(7861, 49),
(7861, 44),
(7862, 43),
(7862, 49),
(7862, 1),
(7862, 1),
(7862, 43),
(7862, 43),
(7862, 50),
(7863, 44),
(7863, 1),
(7863, 43),
(7863, 48),
(7863, 48),
(7863, 2),
(7864, 49),
(7864, 45),
(7864, 47),
(7864, 50),
(7864, 50),
(7864, 50),
(7865, 46),
(7865, 51),
(7866, 1),
(7866, 2),
(7866, 45),
(7866, 52),
(7866, 47),
(7867, 43),
(7867, 44),
(7867, 44),
(7867, 45),
(7867, 2),
(7868, 50),
(7869, 45),
(7869, 1),
(7869, 49),
(7869, 49),
(7869, 44),
(7869, 43),
(7870, 50),
(7870, 47),
(7870, 43),
(7870, 46),
(7870, 45),
(7870, 50),
(7870, 51),
(7871, 49),
(7871, 2),
(7871, 44),
(7871, 46),
(7871, 46),
(7871, 49),
(7871, 49),
(7873, 2),
(7873, 47),
(7873, 44),
(7874, 1),
(7875, 45),
(7875, 43),
(7875, 45),
(7875, 1),
(7875, 44),
(7876, 50),
(7876, 43),
(7876, 2),
(7876, 43),
(7876, 2),
(7877, 49),
(7877, 47),
(7877, 46),
(7877, 2),
(7877, 47),
(7878, 2),
(7878, 43),
(7878, 47),
(7879, 50),
(7879, 46),
(7879, 46),
(7879, 51),
(7879, 45),
(7879, 45),
(7879, 48),
(7880, 45),
(7880, 43),
(7881, 50),
(7881, 48),
(7881, 51),
(7881, 2),
(7881, 44),
(7881, 50),
(7882, 49),
(7882, 47),
(7883, 48),
(7883, 50),
(7883, 50),
(7883, 46),
(7883, 45),
(7883, 51),
(7884, 50),
(7884, 44),
(7884, 48),
(7885, 45),
(7885, 49),
(7885, 2),
(7885, 46),
(7885, 44),
(7885, 2),
(7886, 45),
(7886, 47),
(7886, 2),
(7886, 51),
(7886, 1),
(7886, 47),
(7887, 45),
(7887, 50),
(7887, 43),
(7887, 45),
(7887, 45),
(7887, 2),
(7887, 51),
(7888, 43),
(7888, 47),
(7889, 48),
(7889, 46),
(7889, 51),
(7889, 44),
(7889, 48),
(7890, 52),
(7890, 44),
(7890, 51),
(7890, 48),
(7890, 52),
(7890, 1),
(7891, 1),
(7891, 52),
(7891, 2),
(7891, 47),
(7891, 50),
(7891, 2),
(7892, 49),
(7892, 52),
(7892, 47),
(7893, 43),
(7893, 47),
(7893, 52),
(7893, 1),
(7894, 45),
(7894, 44),
(7894, 47),
(7895, 49),
(7895, 44),
(7895, 45),
(7895, 52),
(7895, 44),
(7895, 52),
(7896, 49),
(7896, 2),
(7896, 1),
(7896, 43),
(7896, 47),
(7897, 2),
(7897, 46),
(7897, 48),
(7897, 44),
(7897, 45),
(7897, 43),
(7898, 2),
(7898, 1),
(7898, 46),
(7898, 45),
(7900, 2),
(7900, 52),
(7900, 1),
(7900, 47),
(7901, 2),
(7901, 1),
(7901, 47),
(7901, 46),
(7901, 2),
(7902, 49),
(7902, 1),
(7902, 43),
(7902, 49),
(7902, 44),
(7903, 45),
(7903, 43),
(7903, 46),
(7903, 52),
(7904, 52),
(7904, 1),
(7904, 47),
(7905, 2),
(7905, 45),
(7905, 45),
(7905, 45),
(7907, 51),
(7907, 43),
(7907, 45),
(7907, 43),
(7907, 43),
(7907, 48),
(7908, 2),
(7908, 2),
(7908, 50),
(7908, 49),
(7909, 43),
(7909, 49),
(7909, 43),
(7909, 47),
(7909, 48),
(7909, 52),
(7910, 2),
(7910, 51),
(7911, 45),
(7912, 50),
(7912, 45),
(7912, 46),
(7913, 47),
(7914, 44),
(7914, 48),
(7914, 46),
(7915, 43),
(7915, 50),
(7915, 45),
(7915, 48),
(7916, 43),
(7916, 46),
(7916, 44),
(7916, 43),
(7917, 46),
(7917, 45),
(7917, 2),
(7917, 52),
(7917, 49),
(7917, 52),
(7918, 50),
(7918, 47),
(7919, 49),
(7919, 50),
(7919, 45),
(7920, 46),
(7920, 43),
(7920, 44),
(7920, 49),
(7920, 2),
(7921, 49),
(7921, 46),
(7921, 2),
(7921, 46),
(7921, 50),
(7921, 45),
(7921, 52),
(7922, 43),
(7922, 44),
(7922, 49),
(7922, 48),
(7922, 47),
(7924, 47),
(7924, 1),
(7924, 48),
(7924, 46),
(7924, 49),
(7925, 1),
(7925, 50),
(7925, 1),
(7925, 46),
(7925, 47),
(7925, 49),
(7926, 1),
(7926, 48),
(7926, 46),
(7926, 49),
(7927, 45),
(7927, 50),
(7927, 43),
(7927, 44),
(7927, 49),
(7927, 46),
(7927, 1),
(7928, 45),
(7928, 45),
(7928, 44),
(7928, 50),
(7928, 2),
(7930, 2),
(7930, 49),
(7930, 46),
(7931, 1),
(7931, 51),
(7931, 50),
(7933, 50),
(7933, 49),
(7934, 52),
(7934, 46),
(7934, 46),
(7934, 47),
(7934, 46),
(7934, 50),
(7935, 50),
(7935, 43),
(7936, 2),
(7936, 47),
(7936, 48),
(7936, 47),
(7937, 1),
(7937, 1),
(7937, 44),
(7938, 51),
(7938, 48),
(7940, 47),
(7941, 49),
(7941, 52),
(7941, 46),
(7941, 47),
(7942, 44),
(7943, 48),
(7943, 46),
(7943, 48),
(7943, 45),
(7943, 2),
(7944, 50),
(7945, 51),
(7945, 2),
(7945, 47),
(7945, 50),
(7945, 52),
(7945, 45),
(7945, 49),
(7946, 50),
(7946, 1),
(7946, 49),
(7946, 50),
(7946, 48),
(7947, 45),
(7948, 45),
(7948, 46),
(7948, 1),
(7948, 48),
(7949, 46),
(7949, 44),
(7949, 51),
(7949, 51),
(7950, 50),
(7950, 44),
(7950, 50),
(7951, 43),
(7951, 46),
(7952, 52),
(7952, 45),
(7952, 2),
(7952, 46),
(7952, 48),
(7953, 44),
(7953, 1),
(7953, 43),
(7953, 2),
(7953, 2),
(7954, 44),
(7954, 46),
(7954, 51),
(7956, 51),
(7956, 45),
(7956, 43),
(7956, 1),
(7958, 2),
(7958, 2),
(7958, 43),
(7958, 51),
(7958, 50),
(7958, 46),
(7959, 52),
(7959, 51),
(7959, 51),
(7961, 2),
(7961, 45),
(7961, 50),
(7961, 44),
(7961, 50),
(7962, 52),
(7962, 44),
(7962, 44),
(7962, 52),
(7963, 51),
(7963, 44),
(7963, 48),
(7963, 49),
(7964, 47),
(7964, 43),
(7966, 52),
(7966, 2),
(7966, 43),
(7966, 46),
(7967, 50),
(7968, 49),
(7968, 51),
(7968, 2),
(7968, 51),
(7968, 44),
(7968, 47),
(7968, 51),
(7969, 48),
(7969, 43),
(7970, 48),
(7970, 52),
(7970, 50),
(7971, 43),
(7971, 48),
(7971, 48),
(7971, 46),
(7972, 44),
(7972, 48),
(7972, 47),
(7972, 43),
(7973, 49),
(7973, 46),
(7973, 43),
(7973, 1),
(7973, 46),
(7974, 43),
(7974, 2),
(7974, 46),
(7974, 2),
(7976, 48),
(7976, 51),
(7976, 44),
(7976, 1),
(7976, 45),
(7977, 2),
(7977, 49),
(7978, 47),
(7978, 45),
(7978, 48),
(7978, 49),
(7978, 2),
(7978, 51),
(7980, 44),
(7980, 49),
(7980, 51),
(7981, 1),
(7981, 43),
(7981, 52),
(7981, 50),
(7981, 46),
(7981, 49),
(7981, 52),
(7982, 43),
(7982, 45),
(7982, 47),
(7982, 49),
(7982, 46),
(7982, 1),
(7983, 43),
(7983, 45),
(7983, 50),
(7985, 51),
(7985, 46),
(7985, 50),
(7985, 2),
(7985, 43),
(7985, 46),
(7985, 48),
(7986, 44),
(7986, 43),
(7986, 51),
(7986, 43),
(7987, 45),
(7987, 48),
(7987, 44),
(7987, 2),
(7987, 49),
(7987, 51),
(7988, 50),
(7988, 51),
(7988, 47),
(7988, 50),
(7988, 47),
(7988, 1),
(7988, 47),
(7989, 50),
(7989, 52),
(7989, 45),
(7989, 51),
(7990, 1),
(7990, 45),
(7990, 47),
(7990, 45),
(7990, 44),
(7991, 43),
(7992, 49),
(7992, 51),
(7992, 1),
(7992, 43),
(7992, 2),
(7992, 47),
(7993, 49),
(7993, 45),
(7993, 46),
(7993, 51),
(7994, 49),
(7994, 44),
(7994, 43),
(7994, 51),
(7995, 47),
(7995, 44),
(7995, 44),
(7995, 49),
(7995, 51),
(7995, 1),
(7995, 48),
(7996, 1),
(7996, 46),
(7997, 46),
(7998, 51),
(7998, 51),
(7998, 48),
(7998, 43),
(7998, 52),
(7998, 46),
(7999, 2),
(7999, 49),
(7999, 52),
(7999, 44),
(8000, 47),
(8000, 44),
(8001, 51),
(8002, 46),
(8002, 1),
(8002, 51),
(8002, 47),
(8002, 1),
(8002, 48),
(8003, 1),
(8003, 49),
(8003, 45),
(8003, 1),
(8003, 47),
(8003, 47),
(8004, 43),
(8004, 45),
(8004, 48),
(8005, 2),
(8005, 44),
(8005, 45),
(8005, 49),
(8005, 49),
(8005, 1),
(8005, 51),
(8006, 43),
(8006, 52),
(8006, 50),
(8006, 2),
(8006, 43),
(8007, 43),
(8007, 50),
(8007, 52),
(8007, 49),
(8008, 43),
(8008, 46),
(8008, 48),
(8008, 1),
(8008, 47),
(8008, 49),
(8008, 51),
(8009, 48),
(8009, 46),
(8009, 2),
(8009, 51),
(8009, 48),
(8009, 1),
(8009, 44),
(8010, 48),
(8011, 44),
(8011, 51),
(8011, 1),
(8012, 45),
(8012, 52),
(8012, 52),
(8012, 1),
(8012, 48),
(8013, 43),
(8013, 43),
(8013, 49),
(8013, 1),
(8015, 43),
(8015, 46),
(8015, 51),
(8015, 46),
(8018, 48),
(8019, 48),
(8019, 51),
(8020, 1),
(8020, 46),
(8021, 52),
(8021, 51),
(8021, 1),
(8023, 45),
(8024, 50),
(8024, 49),
(8024, 46),
(8024, 47),
(8024, 43),
(8024, 45),
(8025, 51),
(8025, 49),
(8025, 52),
(8025, 46),
(8025, 44),
(8027, 48),
(8027, 44),
(8027, 48),
(8027, 2),
(8027, 2),
(8028, 48),
(8028, 44),
(8028, 43),
(8028, 52),
(8029, 45),
(8029, 51),
(8029, 48),
(8029, 44),
(8029, 51),
(8030, 49),
(8030, 2),
(8030, 43),
(8031, 52),
(8031, 2),
(8033, 51),
(8033, 45),
(8033, 43),
(8033, 45),
(8033, 52),
(8034, 43),
(8034, 44),
(8034, 51),
(8034, 45),
(8034, 51),
(8035, 50),
(8035, 2),
(8035, 51),
(8035, 45),
(8035, 52),
(8036, 1),
(8036, 52),
(8036, 46),
(8036, 46),
(8036, 49),
(8036, 1),
(8037, 49),
(8037, 51),
(8037, 44),
(8038, 49),
(8038, 2),
(8039, 50),
(8039, 1),
(8039, 52),
(8039, 48),
(8039, 52),
(8039, 51),
(8040, 43),
(8040, 48),
(8040, 43),
(8040, 1),
(8040, 46),
(8040, 1),
(8040, 2),
(8041, 50),
(8043, 52),
(8043, 51),
(8043, 46),
(8043, 49),
(8043, 51),
(8043, 49),
(8045, 1),
(8045, 47),
(8045, 1),
(8045, 50),
(8045, 49),
(8046, 49),
(8046, 48),
(8046, 46),
(8046, 47),
(8046, 48),
(8046, 47),
(8047, 49),
(8047, 51),
(8047, 2),
(8047, 47),
(8047, 48),
(8047, 45),
(8047, 51),
(8048, 45),
(8048, 52),
(8048, 49),
(8049, 51),
(8051, 44),
(8052, 47),
(8053, 51),
(8053, 51),
(8053, 46),
(8053, 46),
(8053, 44),
(8055, 44),
(8055, 51),
(8055, 1),
(8055, 2),
(8055, 48),
(8056, 2),
(8056, 51),
(8058, 43),
(8059, 43),
(8059, 52),
(8060, 48),
(8060, 49),
(8060, 51),
(8060, 44),
(8060, 48),
(8061, 48),
(8061, 43),
(8061, 45),
(8061, 1),
(8061, 1),
(8061, 52),
(8062, 46),
(8062, 50),
(8062, 2),
(8064, 1),
(8064, 51),
(8064, 47),
(8065, 46),
(8065, 52),
(8065, 43),
(8065, 44),
(8066, 44),
(8066, 43),
(8066, 52),
(8066, 45),
(8066, 45),
(8066, 46),
(8067, 44),
(8067, 43),
(8067, 47),
(8067, 48),
(8068, 1),
(8068, 49),
(8068, 49),
(8070, 2),
(8070, 43),
(8070, 49),
(8071, 52),
(8071, 45),
(8071, 1),
(8071, 52),
(8071, 47),
(8072, 49),
(8072, 49),
(8072, 49),
(8072, 46),
(8073, 48),
(8073, 43),
(8073, 47),
(8073, 2),
(8073, 44),
(8073, 48),
(8074, 46),
(8074, 44),
(8074, 45),
(8074, 50),
(8074, 51),
(8074, 45),
(8074, 52),
(8075, 51),
(8075, 48),
(8075, 52),
(8075, 1),
(8076, 52),
(8076, 2),
(8076, 44),
(8077, 47),
(8077, 45),
(8077, 46),
(8077, 43),
(8077, 47),
(8078, 51),
(8078, 1),
(8078, 44),
(8078, 46),
(8079, 48),
(8079, 47),
(8079, 51),
(8079, 45),
(8079, 50),
(8079, 51),
(8080, 51),
(8080, 48),
(8080, 51),
(8080, 1),
(8081, 45),
(8082, 2),
(8082, 46),
(8082, 51),
(8082, 51),
(8082, 48),
(8082, 44),
(8082, 50),
(8083, 45),
(8083, 52),
(8084, 2),
(8084, 48),
(8084, 45),
(8084, 49),
(8084, 47),
(8085, 44),
(8085, 49),
(8085, 47),
(8085, 2),
(8086, 47),
(8086, 47),
(8086, 51),
(8087, 43),
(8087, 45),
(8087, 46),
(8087, 45),
(8087, 46),
(8087, 2),
(8087, 43),
(8088, 52),
(8088, 1),
(8088, 52),
(8088, 51),
(8089, 51),
(8090, 43),
(8090, 46),
(8090, 52),
(8090, 43),
(8090, 44),
(8090, 50),
(8091, 44),
(8091, 2),
(8091, 51),
(8091, 1),
(8092, 1),
(8092, 50),
(8093, 52),
(8094, 46),
(8094, 50),
(8094, 43),
(8094, 1),
(8094, 43),
(8094, 1),
(8094, 45),
(8095, 47),
(8095, 1),
(8095, 49),
(8095, 52),
(8096, 47),
(8097, 47),
(8097, 46),
(8097, 47),
(8097, 50),
(8100, 52),
(8100, 50),
(8100, 48),
(8100, 43);

-- --------------------------------------------------------

--
-- Структура таблицы `messages`
--

CREATE TABLE `messages` (
  `id` tinyint(3) UNSIGNED NOT NULL,
  `name` varchar(100) NOT NULL,
  `email` varchar(100) NOT NULL,
  `message` text
) ENGINE=InnoDB DEFAULT CHARSET=utf8;

-- --------------------------------------------------------

--
-- Структура таблицы `options_of_product`
--

CREATE TABLE `options_of_product` (
  `id_of_product` int(10) UNSIGNED DEFAULT NULL,
  `id_of_specification` int(10) UNSIGNED DEFAULT NULL,
  `id_of_option` int(10) UNSIGNED DEFAULT NULL,
  `custom_value_text` varchar(255) DEFAULT NULL,
  `custom_value_numeric` float DEFAULT NULL,
  `custom_value_timestamp` int(17) UNSIGNED DEFAULT NULL
) ENGINE=InnoDB DEFAULT CHARSET=utf8;

--
-- Дамп данных таблицы `options_of_product`
--

INSERT INTO `options_of_product` (`id_of_product`, `id_of_specification`, `id_of_option`, `custom_value_text`, `custom_value_numeric`, `custom_value_timestamp`) VALUES
(692, 16, 181, NULL, NULL, NULL),
(692, 15, 175, NULL, NULL, NULL),
(692, 15, 176, NULL, NULL, NULL),
(692, 15, 177, NULL, NULL, NULL),
(692, 15, 178, NULL, NULL, NULL),
(692, 15, 179, NULL, NULL, NULL),
(692, 12, 158, NULL, NULL, NULL),
(692, 11, 159, NULL, NULL, NULL),
(692, 14, 171, NULL, NULL, NULL),
(692, 10, 149, NULL, NULL, NULL),
(692, 13, 163, NULL, NULL, NULL),
(692, 13, 164, NULL, NULL, NULL),
(692, 13, 165, NULL, NULL, NULL),
(692, 13, 166, NULL, NULL, NULL),
(692, 13, 167, NULL, NULL, NULL),
(692, 13, 168, NULL, NULL, NULL),
(692, 13, 169, NULL, NULL, NULL),
(692, 13, 170, NULL, NULL, NULL),
(692, 9, 141, NULL, NULL, NULL),
(693, 16, 185, NULL, NULL, NULL),
(693, 15, 175, NULL, NULL, NULL),
(693, 15, 176, NULL, NULL, NULL),
(693, 15, 177, NULL, NULL, NULL),
(693, 15, 178, NULL, NULL, NULL),
(693, 15, 179, NULL, NULL, NULL),
(693, 12, 155, NULL, NULL, NULL),
(693, 11, 161, NULL, NULL, NULL),
(693, 14, 172, NULL, NULL, NULL),
(693, 10, 147, NULL, NULL, NULL),
(693, 13, 163, NULL, NULL, NULL),
(693, 13, 164, NULL, NULL, NULL),
(693, 13, 165, NULL, NULL, NULL),
(693, 13, 166, NULL, NULL, NULL),
(693, 13, 167, NULL, NULL, NULL),
(693, 13, 168, NULL, NULL, NULL),
(693, 13, 169, NULL, NULL, NULL),
(693, 13, 170, NULL, NULL, NULL),
(693, 9, 140, NULL, NULL, NULL),
(694, 16, 182, NULL, NULL, NULL),
(694, 15, 175, NULL, NULL, NULL),
(694, 15, 176, NULL, NULL, NULL),
(694, 15, 177, NULL, NULL, NULL),
(694, 15, 178, NULL, NULL, NULL),
(694, 15, 179, NULL, NULL, NULL),
(694, 12, 155, NULL, NULL, NULL),
(694, 11, 161, NULL, NULL, NULL),
(694, 14, 173, NULL, NULL, NULL),
(694, 10, 146, NULL, NULL, NULL),
(694, 13, 163, NULL, NULL, NULL),
(694, 13, 164, NULL, NULL, NULL),
(694, 13, 165, NULL, NULL, NULL),
(694, 13, 166, NULL, NULL, NULL),
(694, 13, 167, NULL, NULL, NULL),
(694, 13, 168, NULL, NULL, NULL),
(694, 13, 169, NULL, NULL, NULL),
(694, 13, 170, NULL, NULL, NULL),
(694, 9, 139, NULL, NULL, NULL),
(695, 16, 181, NULL, NULL, NULL),
(695, 15, 175, NULL, NULL, NULL),
(695, 15, 176, NULL, NULL, NULL),
(695, 15, 177, NULL, NULL, NULL),
(695, 15, 178, NULL, NULL, NULL),
(695, 15, 179, NULL, NULL, NULL),
(695, 12, 157, NULL, NULL, NULL),
(695, 11, 162, NULL, NULL, NULL),
(695, 14, 172, NULL, NULL, NULL),
(695, 10, 147, NULL, NULL, NULL),
(695, 13, 163, NULL, NULL, NULL),
(695, 13, 164, NULL, NULL, NULL),
(695, 13, 165, NULL, NULL, NULL),
(695, 13, 166, NULL, NULL, NULL),
(695, 13, 167, NULL, NULL, NULL),
(695, 13, 168, NULL, NULL, NULL),
(695, 13, 169, NULL, NULL, NULL),
(695, 13, 170, NULL, NULL, NULL),
(695, 9, 139, NULL, NULL, NULL),
(696, 16, 181, NULL, NULL, NULL),
(696, 15, 175, NULL, NULL, NULL),
(696, 15, 176, NULL, NULL, NULL),
(696, 15, 177, NULL, NULL, NULL),
(696, 15, 178, NULL, NULL, NULL),
(696, 15, 179, NULL, NULL, NULL),
(696, 12, 155, NULL, NULL, NULL),
(696, 11, 161, NULL, NULL, NULL),
(696, 14, 172, NULL, NULL, NULL),
(696, 10, 150, NULL, NULL, NULL),
(696, 13, 163, NULL, NULL, NULL),
(696, 13, 164, NULL, NULL, NULL),
(696, 13, 165, NULL, NULL, NULL),
(696, 13, 166, NULL, NULL, NULL),
(696, 13, 167, NULL, NULL, NULL),
(696, 13, 168, NULL, NULL, NULL),
(696, 13, 169, NULL, NULL, NULL),
(696, 13, 170, NULL, NULL, NULL),
(696, 9, 139, NULL, NULL, NULL),
(697, 16, 183, NULL, NULL, NULL),
(697, 15, 175, NULL, NULL, NULL),
(697, 15, 176, NULL, NULL, NULL),
(697, 15, 177, NULL, NULL, NULL),
(697, 15, 178, NULL, NULL, NULL),
(697, 15, 179, NULL, NULL, NULL),
(697, 12, 157, NULL, NULL, NULL),
(697, 11, 159, NULL, NULL, NULL),
(697, 14, 174, NULL, NULL, NULL),
(697, 10, 150, NULL, NULL, NULL),
(697, 13, 163, NULL, NULL, NULL),
(697, 13, 164, NULL, NULL, NULL),
(697, 13, 165, NULL, NULL, NULL),
(697, 13, 166, NULL, NULL, NULL),
(697, 13, 167, NULL, NULL, NULL),
(697, 13, 168, NULL, NULL, NULL),
(697, 13, 169, NULL, NULL, NULL),
(697, 13, 170, NULL, NULL, NULL),
(697, 9, 138, NULL, NULL, NULL),
(698, 16, 185, NULL, NULL, NULL),
(698, 15, 175, NULL, NULL, NULL),
(698, 15, 176, NULL, NULL, NULL),
(698, 15, 177, NULL, NULL, NULL),
(698, 15, 178, NULL, NULL, NULL),
(698, 15, 179, NULL, NULL, NULL),
(698, 12, 157, NULL, NULL, NULL),
(698, 11, 161, NULL, NULL, NULL),
(698, 14, 174, NULL, NULL, NULL),
(698, 10, 147, NULL, NULL, NULL),
(698, 13, 163, NULL, NULL, NULL),
(698, 13, 164, NULL, NULL, NULL),
(698, 13, 165, NULL, NULL, NULL),
(698, 13, 166, NULL, NULL, NULL),
(698, 13, 167, NULL, NULL, NULL),
(698, 13, 168, NULL, NULL, NULL),
(698, 13, 169, NULL, NULL, NULL),
(698, 13, 170, NULL, NULL, NULL),
(698, 9, 139, NULL, NULL, NULL),
(699, 16, 185, NULL, NULL, NULL),
(699, 15, 175, NULL, NULL, NULL),
(699, 15, 176, NULL, NULL, NULL),
(699, 15, 177, NULL, NULL, NULL),
(699, 15, 178, NULL, NULL, NULL),
(699, 15, 179, NULL, NULL, NULL),
(699, 12, 155, NULL, NULL, NULL),
(699, 11, 160, NULL, NULL, NULL),
(699, 14, 172, NULL, NULL, NULL),
(699, 10, 146, NULL, NULL, NULL),
(699, 13, 163, NULL, NULL, NULL),
(699, 13, 164, NULL, NULL, NULL),
(699, 13, 165, NULL, NULL, NULL),
(699, 13, 166, NULL, NULL, NULL),
(699, 13, 167, NULL, NULL, NULL),
(699, 13, 168, NULL, NULL, NULL),
(699, 13, 169, NULL, NULL, NULL),
(699, 13, 170, NULL, NULL, NULL),
(699, 9, 138, NULL, NULL, NULL),
(700, 16, 185, NULL, NULL, NULL),
(700, 15, 175, NULL, NULL, NULL),
(700, 15, 176, NULL, NULL, NULL),
(700, 15, 177, NULL, NULL, NULL),
(700, 15, 178, NULL, NULL, NULL),
(700, 15, 179, NULL, NULL, NULL),
(700, 12, 158, NULL, NULL, NULL),
(700, 11, 159, NULL, NULL, NULL),
(700, 14, 174, NULL, NULL, NULL),
(700, 10, 149, NULL, NULL, NULL),
(700, 13, 163, NULL, NULL, NULL),
(700, 13, 164, NULL, NULL, NULL),
(700, 13, 165, NULL, NULL, NULL),
(700, 13, 166, NULL, NULL, NULL),
(700, 13, 167, NULL, NULL, NULL),
(700, 13, 168, NULL, NULL, NULL),
(700, 13, 169, NULL, NULL, NULL),
(700, 13, 170, NULL, NULL, NULL),
(700, 9, 139, NULL, NULL, NULL),
(701, 16, 185, NULL, NULL, NULL),
(701, 15, 175, NULL, NULL, NULL),
(701, 15, 176, NULL, NULL, NULL),
(701, 15, 177, NULL, NULL, NULL),
(701, 15, 178, NULL, NULL, NULL),
(701, 15, 179, NULL, NULL, NULL),
(701, 12, 156, NULL, NULL, NULL),
(701, 11, 160, NULL, NULL, NULL),
(701, 14, 173, NULL, NULL, NULL),
(701, 10, 147, NULL, NULL, NULL),
(701, 13, 163, NULL, NULL, NULL),
(701, 13, 164, NULL, NULL, NULL),
(701, 13, 165, NULL, NULL, NULL),
(701, 13, 166, NULL, NULL, NULL),
(701, 13, 167, NULL, NULL, NULL),
(701, 13, 168, NULL, NULL, NULL),
(701, 13, 169, NULL, NULL, NULL),
(701, 13, 170, NULL, NULL, NULL),
(701, 9, 139, NULL, NULL, NULL),
(702, 16, 180, NULL, NULL, NULL),
(702, 15, 175, NULL, NULL, NULL),
(702, 15, 176, NULL, NULL, NULL),
(702, 15, 177, NULL, NULL, NULL),
(702, 15, 178, NULL, NULL, NULL),
(702, 15, 179, NULL, NULL, NULL),
(702, 12, 156, NULL, NULL, NULL),
(702, 11, 161, NULL, NULL, NULL),
(702, 14, 172, NULL, NULL, NULL),
(702, 10, 146, NULL, NULL, NULL),
(702, 13, 163, NULL, NULL, NULL),
(702, 13, 164, NULL, NULL, NULL),
(702, 13, 165, NULL, NULL, NULL),
(702, 13, 166, NULL, NULL, NULL),
(702, 13, 167, NULL, NULL, NULL),
(702, 13, 168, NULL, NULL, NULL),
(702, 13, 169, NULL, NULL, NULL),
(702, 13, 170, NULL, NULL, NULL),
(702, 9, 138, NULL, NULL, NULL),
(703, 16, 183, NULL, NULL, NULL),
(703, 15, 175, NULL, NULL, NULL),
(703, 15, 176, NULL, NULL, NULL),
(703, 15, 177, NULL, NULL, NULL),
(703, 15, 178, NULL, NULL, NULL),
(703, 15, 179, NULL, NULL, NULL),
(703, 12, 157, NULL, NULL, NULL),
(703, 11, 161, NULL, NULL, NULL),
(703, 14, 173, NULL, NULL, NULL),
(703, 10, 148, NULL, NULL, NULL),
(703, 13, 163, NULL, NULL, NULL),
(703, 13, 164, NULL, NULL, NULL),
(703, 13, 165, NULL, NULL, NULL),
(703, 13, 166, NULL, NULL, NULL),
(703, 13, 167, NULL, NULL, NULL),
(703, 13, 168, NULL, NULL, NULL),
(703, 13, 169, NULL, NULL, NULL),
(703, 13, 170, NULL, NULL, NULL),
(703, 9, 138, NULL, NULL, NULL),
(704, 16, 181, NULL, NULL, NULL),
(704, 15, 175, NULL, NULL, NULL),
(704, 15, 176, NULL, NULL, NULL),
(704, 15, 177, NULL, NULL, NULL),
(704, 15, 178, NULL, NULL, NULL),
(704, 15, 179, NULL, NULL, NULL),
(704, 12, 158, NULL, NULL, NULL),
(704, 11, 161, NULL, NULL, NULL),
(704, 14, 172, NULL, NULL, NULL),
(704, 10, 148, NULL, NULL, NULL),
(704, 13, 163, NULL, NULL, NULL),
(704, 13, 164, NULL, NULL, NULL),
(704, 13, 165, NULL, NULL, NULL),
(704, 13, 166, NULL, NULL, NULL),
(704, 13, 167, NULL, NULL, NULL),
(704, 13, 168, NULL, NULL, NULL),
(704, 13, 169, NULL, NULL, NULL),
(704, 13, 170, NULL, NULL, NULL),
(704, 9, 138, NULL, NULL, NULL),
(705, 16, 184, NULL, NULL, NULL),
(705, 15, 175, NULL, NULL, NULL),
(705, 15, 176, NULL, NULL, NULL),
(705, 15, 177, NULL, NULL, NULL),
(705, 15, 178, NULL, NULL, NULL),
(705, 15, 179, NULL, NULL, NULL),
(705, 12, 155, NULL, NULL, NULL),
(705, 11, 159, NULL, NULL, NULL),
(705, 14, 172, NULL, NULL, NULL),
(705, 10, 150, NULL, NULL, NULL),
(705, 13, 163, NULL, NULL, NULL),
(705, 13, 164, NULL, NULL, NULL),
(705, 13, 165, NULL, NULL, NULL),
(705, 13, 166, NULL, NULL, NULL),
(705, 13, 167, NULL, NULL, NULL),
(705, 13, 168, NULL, NULL, NULL),
(705, 13, 169, NULL, NULL, NULL),
(705, 13, 170, NULL, NULL, NULL),
(705, 9, 141, NULL, NULL, NULL),
(706, 16, 181, NULL, NULL, NULL),
(706, 15, 175, NULL, NULL, NULL),
(706, 15, 176, NULL, NULL, NULL),
(706, 15, 177, NULL, NULL, NULL),
(706, 15, 178, NULL, NULL, NULL),
(706, 15, 179, NULL, NULL, NULL),
(706, 12, 156, NULL, NULL, NULL),
(706, 11, 162, NULL, NULL, NULL),
(706, 14, 173, NULL, NULL, NULL),
(706, 10, 150, NULL, NULL, NULL),
(706, 13, 163, NULL, NULL, NULL),
(706, 13, 164, NULL, NULL, NULL),
(706, 13, 165, NULL, NULL, NULL),
(706, 13, 166, NULL, NULL, NULL),
(706, 13, 167, NULL, NULL, NULL),
(706, 13, 168, NULL, NULL, NULL),
(706, 13, 169, NULL, NULL, NULL),
(706, 13, 170, NULL, NULL, NULL),
(706, 9, 139, NULL, NULL, NULL),
(707, 16, 181, NULL, NULL, NULL),
(707, 15, 175, NULL, NULL, NULL),
(707, 15, 176, NULL, NULL, NULL),
(707, 15, 177, NULL, NULL, NULL),
(707, 15, 178, NULL, NULL, NULL),
(707, 15, 179, NULL, NULL, NULL),
(707, 12, 156, NULL, NULL, NULL),
(707, 11, 159, NULL, NULL, NULL),
(707, 14, 173, NULL, NULL, NULL),
(707, 10, 149, NULL, NULL, NULL),
(707, 13, 163, NULL, NULL, NULL),
(707, 13, 164, NULL, NULL, NULL),
(707, 13, 165, NULL, NULL, NULL),
(707, 13, 166, NULL, NULL, NULL),
(707, 13, 167, NULL, NULL, NULL),
(707, 13, 168, NULL, NULL, NULL),
(707, 13, 169, NULL, NULL, NULL),
(707, 13, 170, NULL, NULL, NULL),
(707, 9, 139, NULL, NULL, NULL),
(708, 16, 182, NULL, NULL, NULL),
(708, 15, 175, NULL, NULL, NULL),
(708, 15, 176, NULL, NULL, NULL),
(708, 15, 177, NULL, NULL, NULL),
(708, 15, 178, NULL, NULL, NULL),
(708, 15, 179, NULL, NULL, NULL),
(708, 12, 157, NULL, NULL, NULL),
(708, 11, 162, NULL, NULL, NULL),
(708, 14, 173, NULL, NULL, NULL),
(708, 10, 150, NULL, NULL, NULL),
(708, 13, 163, NULL, NULL, NULL),
(708, 13, 164, NULL, NULL, NULL),
(708, 13, 165, NULL, NULL, NULL),
(708, 13, 166, NULL, NULL, NULL),
(708, 13, 167, NULL, NULL, NULL),
(708, 13, 168, NULL, NULL, NULL),
(708, 13, 169, NULL, NULL, NULL),
(708, 13, 170, NULL, NULL, NULL),
(708, 9, 140, NULL, NULL, NULL),
(709, 16, 180, NULL, NULL, NULL),
(709, 15, 175, NULL, NULL, NULL),
(709, 15, 176, NULL, NULL, NULL),
(709, 15, 177, NULL, NULL, NULL),
(709, 15, 178, NULL, NULL, NULL),
(709, 15, 179, NULL, NULL, NULL),
(709, 12, 156, NULL, NULL, NULL),
(709, 11, 160, NULL, NULL, NULL),
(709, 14, 171, NULL, NULL, NULL),
(709, 10, 146, NULL, NULL, NULL),
(709, 13, 163, NULL, NULL, NULL),
(709, 13, 164, NULL, NULL, NULL),
(709, 13, 165, NULL, NULL, NULL),
(709, 13, 166, NULL, NULL, NULL),
(709, 13, 167, NULL, NULL, NULL),
(709, 13, 168, NULL, NULL, NULL),
(709, 13, 169, NULL, NULL, NULL),
(709, 13, 170, NULL, NULL, NULL),
(709, 9, 138, NULL, NULL, NULL),
(710, 16, 185, NULL, NULL, NULL),
(710, 15, 175, NULL, NULL, NULL),
(710, 15, 176, NULL, NULL, NULL),
(710, 15, 177, NULL, NULL, NULL),
(710, 15, 178, NULL, NULL, NULL),
(710, 15, 179, NULL, NULL, NULL),
(710, 12, 157, NULL, NULL, NULL),
(710, 11, 161, NULL, NULL, NULL),
(710, 14, 172, NULL, NULL, NULL),
(710, 10, 147, NULL, NULL, NULL),
(710, 13, 163, NULL, NULL, NULL),
(710, 13, 164, NULL, NULL, NULL),
(710, 13, 165, NULL, NULL, NULL),
(710, 13, 166, NULL, NULL, NULL),
(710, 13, 167, NULL, NULL, NULL),
(710, 13, 168, NULL, NULL, NULL),
(710, 13, 169, NULL, NULL, NULL),
(710, 13, 170, NULL, NULL, NULL),
(710, 9, 139, NULL, NULL, NULL),
(711, 16, 183, NULL, NULL, NULL),
(711, 15, 175, NULL, NULL, NULL),
(711, 15, 176, NULL, NULL, NULL),
(711, 15, 177, NULL, NULL, NULL),
(711, 15, 178, NULL, NULL, NULL),
(711, 15, 179, NULL, NULL, NULL),
(711, 12, 156, NULL, NULL, NULL),
(711, 11, 160, NULL, NULL, NULL),
(711, 14, 172, NULL, NULL, NULL),
(711, 10, 149, NULL, NULL, NULL),
(711, 13, 163, NULL, NULL, NULL),
(711, 13, 164, NULL, NULL, NULL),
(711, 13, 165, NULL, NULL, NULL),
(711, 13, 166, NULL, NULL, NULL),
(711, 13, 167, NULL, NULL, NULL),
(711, 13, 168, NULL, NULL, NULL),
(711, 13, 169, NULL, NULL, NULL),
(711, 13, 170, NULL, NULL, NULL),
(711, 9, 141, NULL, NULL, NULL),
(712, 16, 184, NULL, NULL, NULL),
(712, 15, 175, NULL, NULL, NULL),
(712, 15, 176, NULL, NULL, NULL),
(712, 15, 177, NULL, NULL, NULL),
(712, 15, 178, NULL, NULL, NULL),
(712, 15, 179, NULL, NULL, NULL),
(712, 12, 155, NULL, NULL, NULL),
(712, 11, 159, NULL, NULL, NULL),
(712, 14, 171, NULL, NULL, NULL),
(712, 10, 150, NULL, NULL, NULL),
(712, 13, 163, NULL, NULL, NULL),
(712, 13, 164, NULL, NULL, NULL),
(712, 13, 165, NULL, NULL, NULL),
(712, 13, 166, NULL, NULL, NULL),
(712, 13, 167, NULL, NULL, NULL),
(712, 13, 168, NULL, NULL, NULL),
(712, 13, 169, NULL, NULL, NULL),
(712, 13, 170, NULL, NULL, NULL),
(712, 9, 139, NULL, NULL, NULL),
(713, 16, 185, NULL, NULL, NULL),
(713, 15, 175, NULL, NULL, NULL),
(713, 15, 176, NULL, NULL, NULL),
(713, 15, 177, NULL, NULL, NULL),
(713, 15, 178, NULL, NULL, NULL),
(713, 15, 179, NULL, NULL, NULL),
(713, 12, 156, NULL, NULL, NULL),
(713, 11, 161, NULL, NULL, NULL),
(713, 14, 174, NULL, NULL, NULL),
(713, 10, 150, NULL, NULL, NULL),
(713, 13, 163, NULL, NULL, NULL),
(713, 13, 164, NULL, NULL, NULL),
(713, 13, 165, NULL, NULL, NULL),
(713, 13, 166, NULL, NULL, NULL),
(713, 13, 167, NULL, NULL, NULL),
(713, 13, 168, NULL, NULL, NULL),
(713, 13, 169, NULL, NULL, NULL),
(713, 13, 170, NULL, NULL, NULL),
(713, 9, 139, NULL, NULL, NULL),
(714, 16, 181, NULL, NULL, NULL),
(714, 15, 175, NULL, NULL, NULL),
(714, 15, 176, NULL, NULL, NULL),
(714, 15, 177, NULL, NULL, NULL),
(714, 15, 178, NULL, NULL, NULL),
(714, 15, 179, NULL, NULL, NULL),
(714, 12, 158, NULL, NULL, NULL),
(714, 11, 159, NULL, NULL, NULL),
(714, 14, 173, NULL, NULL, NULL),
(714, 10, 149, NULL, NULL, NULL),
(714, 13, 163, NULL, NULL, NULL),
(714, 13, 164, NULL, NULL, NULL),
(714, 13, 165, NULL, NULL, NULL),
(714, 13, 166, NULL, NULL, NULL),
(714, 13, 167, NULL, NULL, NULL),
(714, 13, 168, NULL, NULL, NULL),
(714, 13, 169, NULL, NULL, NULL),
(714, 13, 170, NULL, NULL, NULL),
(714, 9, 139, NULL, NULL, NULL),
(715, 16, 182, NULL, NULL, NULL),
(715, 15, 175, NULL, NULL, NULL),
(715, 15, 176, NULL, NULL, NULL),
(715, 15, 177, NULL, NULL, NULL),
(715, 15, 178, NULL, NULL, NULL),
(715, 15, 179, NULL, NULL, NULL),
(715, 12, 157, NULL, NULL, NULL),
(715, 11, 160, NULL, NULL, NULL),
(715, 14, 172, NULL, NULL, NULL),
(715, 10, 150, NULL, NULL, NULL),
(715, 13, 163, NULL, NULL, NULL),
(715, 13, 164, NULL, NULL, NULL),
(715, 13, 165, NULL, NULL, NULL),
(715, 13, 166, NULL, NULL, NULL),
(715, 13, 167, NULL, NULL, NULL),
(715, 13, 168, NULL, NULL, NULL),
(715, 13, 169, NULL, NULL, NULL),
(715, 13, 170, NULL, NULL, NULL),
(715, 9, 140, NULL, NULL, NULL),
(716, 16, 183, NULL, NULL, NULL),
(716, 15, 175, NULL, NULL, NULL),
(716, 15, 176, NULL, NULL, NULL),
(716, 15, 177, NULL, NULL, NULL),
(716, 15, 178, NULL, NULL, NULL),
(716, 15, 179, NULL, NULL, NULL),
(716, 12, 157, NULL, NULL, NULL),
(716, 11, 162, NULL, NULL, NULL),
(716, 14, 172, NULL, NULL, NULL),
(716, 10, 150, NULL, NULL, NULL),
(716, 13, 163, NULL, NULL, NULL),
(716, 13, 164, NULL, NULL, NULL),
(716, 13, 165, NULL, NULL, NULL),
(716, 13, 166, NULL, NULL, NULL),
(716, 13, 167, NULL, NULL, NULL),
(716, 13, 168, NULL, NULL, NULL),
(716, 13, 169, NULL, NULL, NULL),
(716, 13, 170, NULL, NULL, NULL),
(716, 9, 139, NULL, NULL, NULL),
(717, 16, 182, NULL, NULL, NULL),
(717, 15, 175, NULL, NULL, NULL),
(717, 15, 176, NULL, NULL, NULL),
(717, 15, 177, NULL, NULL, NULL),
(717, 15, 178, NULL, NULL, NULL),
(717, 15, 179, NULL, NULL, NULL),
(717, 12, 157, NULL, NULL, NULL),
(717, 11, 159, NULL, NULL, NULL),
(717, 14, 172, NULL, NULL, NULL),
(717, 10, 146, NULL, NULL, NULL),
(717, 13, 163, NULL, NULL, NULL),
(717, 13, 164, NULL, NULL, NULL),
(717, 13, 165, NULL, NULL, NULL),
(717, 13, 166, NULL, NULL, NULL),
(717, 13, 167, NULL, NULL, NULL),
(717, 13, 168, NULL, NULL, NULL),
(717, 13, 169, NULL, NULL, NULL),
(717, 13, 170, NULL, NULL, NULL),
(717, 9, 139, NULL, NULL, NULL),
(718, 16, 185, NULL, NULL, NULL),
(718, 15, 175, NULL, NULL, NULL),
(718, 15, 176, NULL, NULL, NULL),
(718, 15, 177, NULL, NULL, NULL),
(718, 15, 178, NULL, NULL, NULL),
(718, 15, 179, NULL, NULL, NULL),
(718, 12, 155, NULL, NULL, NULL),
(718, 11, 159, NULL, NULL, NULL),
(718, 14, 173, NULL, NULL, NULL),
(718, 10, 150, NULL, NULL, NULL),
(718, 13, 163, NULL, NULL, NULL),
(718, 13, 164, NULL, NULL, NULL),
(718, 13, 165, NULL, NULL, NULL),
(718, 13, 166, NULL, NULL, NULL),
(718, 13, 167, NULL, NULL, NULL),
(718, 13, 168, NULL, NULL, NULL),
(718, 13, 169, NULL, NULL, NULL),
(718, 13, 170, NULL, NULL, NULL),
(718, 9, 138, NULL, NULL, NULL),
(719, 16, 184, NULL, NULL, NULL),
(719, 15, 175, NULL, NULL, NULL),
(719, 15, 176, NULL, NULL, NULL),
(719, 15, 177, NULL, NULL, NULL),
(719, 15, 178, NULL, NULL, NULL),
(719, 15, 179, NULL, NULL, NULL),
(719, 12, 158, NULL, NULL, NULL),
(719, 11, 159, NULL, NULL, NULL),
(719, 14, 172, NULL, NULL, NULL),
(719, 10, 146, NULL, NULL, NULL),
(719, 13, 163, NULL, NULL, NULL),
(719, 13, 164, NULL, NULL, NULL),
(719, 13, 165, NULL, NULL, NULL),
(719, 13, 166, NULL, NULL, NULL),
(719, 13, 167, NULL, NULL, NULL),
(719, 13, 168, NULL, NULL, NULL),
(719, 13, 169, NULL, NULL, NULL),
(719, 13, 170, NULL, NULL, NULL),
(719, 9, 140, NULL, NULL, NULL),
(720, 16, 183, NULL, NULL, NULL),
(720, 15, 175, NULL, NULL, NULL),
(720, 15, 176, NULL, NULL, NULL),
(720, 15, 177, NULL, NULL, NULL),
(720, 15, 178, NULL, NULL, NULL),
(720, 15, 179, NULL, NULL, NULL),
(720, 12, 157, NULL, NULL, NULL),
(720, 11, 159, NULL, NULL, NULL),
(720, 14, 174, NULL, NULL, NULL),
(720, 10, 148, NULL, NULL, NULL),
(720, 13, 163, NULL, NULL, NULL),
(720, 13, 164, NULL, NULL, NULL),
(720, 13, 165, NULL, NULL, NULL),
(720, 13, 166, NULL, NULL, NULL),
(720, 13, 167, NULL, NULL, NULL),
(720, 13, 168, NULL, NULL, NULL),
(720, 13, 169, NULL, NULL, NULL),
(720, 13, 170, NULL, NULL, NULL),
(720, 9, 139, NULL, NULL, NULL),
(721, 16, 181, NULL, NULL, NULL),
(721, 15, 175, NULL, NULL, NULL),
(721, 15, 176, NULL, NULL, NULL),
(721, 15, 177, NULL, NULL, NULL),
(721, 15, 178, NULL, NULL, NULL),
(721, 15, 179, NULL, NULL, NULL),
(721, 12, 155, NULL, NULL, NULL),
(721, 11, 160, NULL, NULL, NULL),
(721, 14, 171, NULL, NULL, NULL),
(721, 10, 146, NULL, NULL, NULL),
(721, 13, 163, NULL, NULL, NULL),
(721, 13, 164, NULL, NULL, NULL),
(721, 13, 165, NULL, NULL, NULL),
(721, 13, 166, NULL, NULL, NULL),
(721, 13, 167, NULL, NULL, NULL),
(721, 13, 168, NULL, NULL, NULL),
(721, 13, 169, NULL, NULL, NULL),
(721, 13, 170, NULL, NULL, NULL),
(721, 9, 141, NULL, NULL, NULL),
(722, 16, 184, NULL, NULL, NULL),
(722, 15, 175, NULL, NULL, NULL),
(722, 15, 176, NULL, NULL, NULL),
(722, 15, 177, NULL, NULL, NULL),
(722, 15, 178, NULL, NULL, NULL),
(722, 15, 179, NULL, NULL, NULL),
(722, 12, 155, NULL, NULL, NULL),
(722, 11, 161, NULL, NULL, NULL),
(722, 14, 171, NULL, NULL, NULL),
(722, 10, 148, NULL, NULL, NULL),
(722, 13, 163, NULL, NULL, NULL),
(722, 13, 164, NULL, NULL, NULL),
(722, 13, 165, NULL, NULL, NULL),
(722, 13, 166, NULL, NULL, NULL),
(722, 13, 167, NULL, NULL, NULL),
(722, 13, 168, NULL, NULL, NULL),
(722, 13, 169, NULL, NULL, NULL),
(722, 13, 170, NULL, NULL, NULL),
(722, 9, 139, NULL, NULL, NULL),
(723, 16, 180, NULL, NULL, NULL),
(723, 15, 175, NULL, NULL, NULL),
(723, 15, 176, NULL, NULL, NULL),
(723, 15, 177, NULL, NULL, NULL),
(723, 15, 178, NULL, NULL, NULL),
(723, 15, 179, NULL, NULL, NULL),
(723, 12, 157, NULL, NULL, NULL),
(723, 11, 161, NULL, NULL, NULL),
(723, 14, 174, NULL, NULL, NULL),
(723, 10, 147, NULL, NULL, NULL),
(723, 13, 163, NULL, NULL, NULL),
(723, 13, 164, NULL, NULL, NULL),
(723, 13, 165, NULL, NULL, NULL),
(723, 13, 166, NULL, NULL, NULL),
(723, 13, 167, NULL, NULL, NULL),
(723, 13, 168, NULL, NULL, NULL),
(723, 13, 169, NULL, NULL, NULL),
(723, 13, 170, NULL, NULL, NULL),
(723, 9, 141, NULL, NULL, NULL),
(724, 16, 180, NULL, NULL, NULL),
(724, 15, 175, NULL, NULL, NULL),
(724, 15, 176, NULL, NULL, NULL),
(724, 15, 177, NULL, NULL, NULL),
(724, 15, 178, NULL, NULL, NULL),
(724, 15, 179, NULL, NULL, NULL),
(724, 12, 158, NULL, NULL, NULL),
(724, 11, 162, NULL, NULL, NULL),
(724, 14, 174, NULL, NULL, NULL),
(724, 10, 149, NULL, NULL, NULL),
(724, 13, 163, NULL, NULL, NULL),
(724, 13, 164, NULL, NULL, NULL),
(724, 13, 165, NULL, NULL, NULL),
(724, 13, 166, NULL, NULL, NULL),
(724, 13, 167, NULL, NULL, NULL),
(724, 13, 168, NULL, NULL, NULL),
(724, 13, 169, NULL, NULL, NULL),
(724, 13, 170, NULL, NULL, NULL),
(724, 9, 141, NULL, NULL, NULL),
(725, 16, 181, NULL, NULL, NULL),
(725, 15, 175, NULL, NULL, NULL),
(725, 15, 176, NULL, NULL, NULL),
(725, 15, 177, NULL, NULL, NULL),
(725, 15, 178, NULL, NULL, NULL),
(725, 15, 179, NULL, NULL, NULL),
(725, 12, 156, NULL, NULL, NULL),
(725, 11, 159, NULL, NULL, NULL),
(725, 14, 171, NULL, NULL, NULL),
(725, 10, 148, NULL, NULL, NULL),
(725, 13, 163, NULL, NULL, NULL),
(725, 13, 164, NULL, NULL, NULL),
(725, 13, 165, NULL, NULL, NULL),
(725, 13, 166, NULL, NULL, NULL),
(725, 13, 167, NULL, NULL, NULL),
(725, 13, 168, NULL, NULL, NULL),
(725, 13, 169, NULL, NULL, NULL),
(725, 13, 170, NULL, NULL, NULL),
(725, 9, 140, NULL, NULL, NULL),
(726, 16, 184, NULL, NULL, NULL),
(726, 15, 175, NULL, NULL, NULL),
(726, 15, 176, NULL, NULL, NULL),
(726, 15, 177, NULL, NULL, NULL),
(726, 15, 178, NULL, NULL, NULL),
(726, 15, 179, NULL, NULL, NULL),
(726, 12, 155, NULL, NULL, NULL),
(726, 11, 161, NULL, NULL, NULL),
(726, 14, 174, NULL, NULL, NULL),
(726, 10, 150, NULL, NULL, NULL),
(726, 13, 163, NULL, NULL, NULL),
(726, 13, 164, NULL, NULL, NULL),
(726, 13, 165, NULL, NULL, NULL),
(726, 13, 166, NULL, NULL, NULL),
(726, 13, 167, NULL, NULL, NULL),
(726, 13, 168, NULL, NULL, NULL),
(726, 13, 169, NULL, NULL, NULL),
(726, 13, 170, NULL, NULL, NULL),
(726, 9, 139, NULL, NULL, NULL),
(727, 16, 180, NULL, NULL, NULL),
(727, 15, 175, NULL, NULL, NULL),
(727, 15, 176, NULL, NULL, NULL),
(727, 15, 177, NULL, NULL, NULL),
(727, 15, 178, NULL, NULL, NULL),
(727, 15, 179, NULL, NULL, NULL),
(727, 12, 156, NULL, NULL, NULL),
(727, 11, 160, NULL, NULL, NULL),
(727, 14, 172, NULL, NULL, NULL),
(727, 10, 146, NULL, NULL, NULL),
(727, 13, 163, NULL, NULL, NULL),
(727, 13, 164, NULL, NULL, NULL),
(727, 13, 165, NULL, NULL, NULL),
(727, 13, 166, NULL, NULL, NULL),
(727, 13, 167, NULL, NULL, NULL),
(727, 13, 168, NULL, NULL, NULL),
(727, 13, 169, NULL, NULL, NULL),
(727, 13, 170, NULL, NULL, NULL),
(727, 9, 138, NULL, NULL, NULL),
(728, 16, 182, NULL, NULL, NULL),
(728, 15, 175, NULL, NULL, NULL),
(728, 15, 176, NULL, NULL, NULL),
(728, 15, 177, NULL, NULL, NULL),
(728, 15, 178, NULL, NULL, NULL),
(728, 15, 179, NULL, NULL, NULL),
(728, 12, 155, NULL, NULL, NULL),
(728, 11, 160, NULL, NULL, NULL),
(728, 14, 174, NULL, NULL, NULL),
(728, 10, 149, NULL, NULL, NULL),
(728, 13, 163, NULL, NULL, NULL),
(728, 13, 164, NULL, NULL, NULL),
(728, 13, 165, NULL, NULL, NULL),
(728, 13, 166, NULL, NULL, NULL),
(728, 13, 167, NULL, NULL, NULL),
(728, 13, 168, NULL, NULL, NULL),
(728, 13, 169, NULL, NULL, NULL),
(728, 13, 170, NULL, NULL, NULL),
(728, 9, 138, NULL, NULL, NULL),
(729, 16, 185, NULL, NULL, NULL),
(729, 15, 175, NULL, NULL, NULL),
(729, 15, 176, NULL, NULL, NULL),
(729, 15, 177, NULL, NULL, NULL),
(729, 15, 178, NULL, NULL, NULL),
(729, 15, 179, NULL, NULL, NULL),
(729, 12, 158, NULL, NULL, NULL),
(729, 11, 159, NULL, NULL, NULL),
(729, 14, 172, NULL, NULL, NULL),
(729, 10, 149, NULL, NULL, NULL),
(729, 13, 163, NULL, NULL, NULL),
(729, 13, 164, NULL, NULL, NULL),
(729, 13, 165, NULL, NULL, NULL),
(729, 13, 166, NULL, NULL, NULL),
(729, 13, 167, NULL, NULL, NULL),
(729, 13, 168, NULL, NULL, NULL),
(729, 13, 169, NULL, NULL, NULL),
(729, 13, 170, NULL, NULL, NULL),
(729, 9, 140, NULL, NULL, NULL),
(730, 16, 183, NULL, NULL, NULL),
(730, 15, 175, NULL, NULL, NULL),
(730, 15, 176, NULL, NULL, NULL),
(730, 15, 177, NULL, NULL, NULL),
(730, 15, 178, NULL, NULL, NULL),
(730, 15, 179, NULL, NULL, NULL),
(730, 12, 156, NULL, NULL, NULL),
(730, 11, 162, NULL, NULL, NULL),
(730, 14, 174, NULL, NULL, NULL),
(730, 10, 146, NULL, NULL, NULL),
(730, 13, 163, NULL, NULL, NULL),
(730, 13, 164, NULL, NULL, NULL),
(730, 13, 165, NULL, NULL, NULL),
(730, 13, 166, NULL, NULL, NULL),
(730, 13, 167, NULL, NULL, NULL),
(730, 13, 168, NULL, NULL, NULL),
(730, 13, 169, NULL, NULL, NULL),
(730, 13, 170, NULL, NULL, NULL),
(730, 9, 141, NULL, NULL, NULL),
(731, 16, 181, NULL, NULL, NULL),
(731, 15, 175, NULL, NULL, NULL),
(731, 15, 176, NULL, NULL, NULL),
(731, 15, 177, NULL, NULL, NULL),
(731, 15, 178, NULL, NULL, NULL),
(731, 15, 179, NULL, NULL, NULL),
(731, 12, 158, NULL, NULL, NULL),
(731, 11, 161, NULL, NULL, NULL),
(731, 14, 174, NULL, NULL, NULL),
(731, 10, 147, NULL, NULL, NULL),
(731, 13, 163, NULL, NULL, NULL),
(731, 13, 164, NULL, NULL, NULL),
(731, 13, 165, NULL, NULL, NULL),
(731, 13, 166, NULL, NULL, NULL),
(731, 13, 167, NULL, NULL, NULL),
(731, 13, 168, NULL, NULL, NULL),
(731, 13, 169, NULL, NULL, NULL),
(731, 13, 170, NULL, NULL, NULL),
(731, 9, 138, NULL, NULL, NULL),
(732, 16, 184, NULL, NULL, NULL),
(732, 15, 175, NULL, NULL, NULL),
(732, 15, 176, NULL, NULL, NULL),
(732, 15, 177, NULL, NULL, NULL),
(732, 15, 178, NULL, NULL, NULL),
(732, 15, 179, NULL, NULL, NULL),
(732, 12, 157, NULL, NULL, NULL),
(732, 11, 159, NULL, NULL, NULL),
(732, 14, 171, NULL, NULL, NULL),
(732, 10, 150, NULL, NULL, NULL),
(732, 13, 163, NULL, NULL, NULL),
(732, 13, 164, NULL, NULL, NULL),
(732, 13, 165, NULL, NULL, NULL),
(732, 13, 166, NULL, NULL, NULL),
(732, 13, 167, NULL, NULL, NULL),
(732, 13, 168, NULL, NULL, NULL),
(732, 13, 169, NULL, NULL, NULL),
(732, 13, 170, NULL, NULL, NULL),
(732, 9, 141, NULL, NULL, NULL),
(733, 16, 180, NULL, NULL, NULL),
(733, 15, 175, NULL, NULL, NULL),
(733, 15, 176, NULL, NULL, NULL),
(733, 15, 177, NULL, NULL, NULL),
(733, 15, 178, NULL, NULL, NULL),
(733, 15, 179, NULL, NULL, NULL),
(733, 12, 158, NULL, NULL, NULL),
(733, 11, 161, NULL, NULL, NULL),
(733, 14, 174, NULL, NULL, NULL),
(733, 10, 149, NULL, NULL, NULL),
(733, 13, 163, NULL, NULL, NULL),
(733, 13, 164, NULL, NULL, NULL),
(733, 13, 165, NULL, NULL, NULL),
(733, 13, 166, NULL, NULL, NULL),
(733, 13, 167, NULL, NULL, NULL),
(733, 13, 168, NULL, NULL, NULL),
(733, 13, 169, NULL, NULL, NULL),
(733, 13, 170, NULL, NULL, NULL),
(733, 9, 141, NULL, NULL, NULL),
(734, 16, 185, NULL, NULL, NULL),
(734, 15, 175, NULL, NULL, NULL),
(734, 15, 176, NULL, NULL, NULL),
(734, 15, 177, NULL, NULL, NULL),
(734, 15, 178, NULL, NULL, NULL),
(734, 15, 179, NULL, NULL, NULL),
(734, 12, 156, NULL, NULL, NULL),
(734, 11, 159, NULL, NULL, NULL),
(734, 14, 174, NULL, NULL, NULL),
(734, 10, 147, NULL, NULL, NULL),
(734, 13, 163, NULL, NULL, NULL),
(734, 13, 164, NULL, NULL, NULL),
(734, 13, 165, NULL, NULL, NULL),
(734, 13, 166, NULL, NULL, NULL),
(734, 13, 167, NULL, NULL, NULL),
(734, 13, 168, NULL, NULL, NULL),
(734, 13, 169, NULL, NULL, NULL),
(734, 13, 170, NULL, NULL, NULL),
(734, 9, 141, NULL, NULL, NULL),
(735, 16, 185, NULL, NULL, NULL),
(735, 15, 175, NULL, NULL, NULL),
(735, 15, 176, NULL, NULL, NULL),
(735, 15, 177, NULL, NULL, NULL),
(735, 15, 178, NULL, NULL, NULL),
(735, 15, 179, NULL, NULL, NULL),
(735, 12, 158, NULL, NULL, NULL),
(735, 11, 161, NULL, NULL, NULL),
(735, 14, 173, NULL, NULL, NULL),
(735, 10, 148, NULL, NULL, NULL),
(735, 13, 163, NULL, NULL, NULL),
(735, 13, 164, NULL, NULL, NULL),
(735, 13, 165, NULL, NULL, NULL),
(735, 13, 166, NULL, NULL, NULL),
(735, 13, 167, NULL, NULL, NULL),
(735, 13, 168, NULL, NULL, NULL),
(735, 13, 169, NULL, NULL, NULL),
(735, 13, 170, NULL, NULL, NULL),
(735, 9, 138, NULL, NULL, NULL),
(736, 16, 183, NULL, NULL, NULL),
(736, 15, 175, NULL, NULL, NULL),
(736, 15, 176, NULL, NULL, NULL),
(736, 15, 177, NULL, NULL, NULL),
(736, 15, 178, NULL, NULL, NULL),
(736, 15, 179, NULL, NULL, NULL),
(736, 12, 157, NULL, NULL, NULL),
(736, 11, 159, NULL, NULL, NULL),
(736, 14, 172, NULL, NULL, NULL),
(736, 10, 149, NULL, NULL, NULL),
(736, 13, 163, NULL, NULL, NULL),
(736, 13, 164, NULL, NULL, NULL),
(736, 13, 165, NULL, NULL, NULL),
(736, 13, 166, NULL, NULL, NULL),
(736, 13, 167, NULL, NULL, NULL),
(736, 13, 168, NULL, NULL, NULL),
(736, 13, 169, NULL, NULL, NULL),
(736, 13, 170, NULL, NULL, NULL),
(736, 9, 141, NULL, NULL, NULL),
(737, 16, 182, NULL, NULL, NULL),
(737, 15, 175, NULL, NULL, NULL),
(737, 15, 176, NULL, NULL, NULL),
(737, 15, 177, NULL, NULL, NULL),
(737, 15, 178, NULL, NULL, NULL),
(737, 15, 179, NULL, NULL, NULL),
(737, 12, 157, NULL, NULL, NULL),
(737, 11, 159, NULL, NULL, NULL),
(737, 14, 172, NULL, NULL, NULL),
(737, 10, 150, NULL, NULL, NULL),
(737, 13, 163, NULL, NULL, NULL),
(737, 13, 164, NULL, NULL, NULL),
(737, 13, 165, NULL, NULL, NULL),
(737, 13, 166, NULL, NULL, NULL),
(737, 13, 167, NULL, NULL, NULL),
(737, 13, 168, NULL, NULL, NULL),
(737, 13, 169, NULL, NULL, NULL),
(737, 13, 170, NULL, NULL, NULL),
(737, 9, 138, NULL, NULL, NULL),
(738, 16, 183, NULL, NULL, NULL),
(738, 15, 175, NULL, NULL, NULL),
(738, 15, 176, NULL, NULL, NULL),
(738, 15, 177, NULL, NULL, NULL),
(738, 15, 178, NULL, NULL, NULL),
(738, 15, 179, NULL, NULL, NULL),
(738, 12, 157, NULL, NULL, NULL),
(738, 11, 161, NULL, NULL, NULL),
(738, 14, 173, NULL, NULL, NULL),
(738, 10, 150, NULL, NULL, NULL),
(738, 13, 163, NULL, NULL, NULL),
(738, 13, 164, NULL, NULL, NULL),
(738, 13, 165, NULL, NULL, NULL),
(738, 13, 166, NULL, NULL, NULL),
(738, 13, 167, NULL, NULL, NULL),
(738, 13, 168, NULL, NULL, NULL),
(738, 13, 169, NULL, NULL, NULL),
(738, 13, 170, NULL, NULL, NULL),
(738, 9, 138, NULL, NULL, NULL),
(739, 16, 185, NULL, NULL, NULL),
(739, 15, 175, NULL, NULL, NULL),
(739, 15, 176, NULL, NULL, NULL),
(739, 15, 177, NULL, NULL, NULL),
(739, 15, 178, NULL, NULL, NULL),
(739, 15, 179, NULL, NULL, NULL),
(739, 12, 155, NULL, NULL, NULL),
(739, 11, 162, NULL, NULL, NULL),
(739, 14, 174, NULL, NULL, NULL),
(739, 10, 147, NULL, NULL, NULL),
(739, 13, 163, NULL, NULL, NULL),
(739, 13, 164, NULL, NULL, NULL),
(739, 13, 165, NULL, NULL, NULL),
(739, 13, 166, NULL, NULL, NULL),
(739, 13, 167, NULL, NULL, NULL),
(739, 13, 168, NULL, NULL, NULL),
(739, 13, 169, NULL, NULL, NULL),
(739, 13, 170, NULL, NULL, NULL),
(739, 9, 140, NULL, NULL, NULL),
(740, 16, 182, NULL, NULL, NULL),
(740, 15, 175, NULL, NULL, NULL),
(740, 15, 176, NULL, NULL, NULL),
(740, 15, 177, NULL, NULL, NULL),
(740, 15, 178, NULL, NULL, NULL),
(740, 15, 179, NULL, NULL, NULL),
(740, 12, 158, NULL, NULL, NULL),
(740, 11, 161, NULL, NULL, NULL),
(740, 14, 173, NULL, NULL, NULL),
(740, 10, 147, NULL, NULL, NULL),
(740, 13, 163, NULL, NULL, NULL),
(740, 13, 164, NULL, NULL, NULL),
(740, 13, 165, NULL, NULL, NULL),
(740, 13, 166, NULL, NULL, NULL),
(740, 13, 167, NULL, NULL, NULL),
(740, 13, 168, NULL, NULL, NULL),
(740, 13, 169, NULL, NULL, NULL),
(740, 13, 170, NULL, NULL, NULL),
(740, 9, 139, NULL, NULL, NULL),
(741, 16, 180, NULL, NULL, NULL),
(741, 15, 175, NULL, NULL, NULL),
(741, 15, 176, NULL, NULL, NULL),
(741, 15, 177, NULL, NULL, NULL),
(741, 15, 178, NULL, NULL, NULL),
(741, 15, 179, NULL, NULL, NULL),
(741, 12, 157, NULL, NULL, NULL),
(741, 11, 160, NULL, NULL, NULL),
(741, 14, 172, NULL, NULL, NULL),
(741, 10, 149, NULL, NULL, NULL),
(741, 13, 163, NULL, NULL, NULL),
(741, 13, 164, NULL, NULL, NULL),
(741, 13, 165, NULL, NULL, NULL),
(741, 13, 166, NULL, NULL, NULL),
(741, 13, 167, NULL, NULL, NULL),
(741, 13, 168, NULL, NULL, NULL),
(741, 13, 169, NULL, NULL, NULL),
(741, 13, 170, NULL, NULL, NULL),
(741, 9, 138, NULL, NULL, NULL);

-- --------------------------------------------------------

--
-- Структура таблицы `options_of_specification`
--

CREATE TABLE `options_of_specification` (
  `option_id` int(10) UNSIGNED NOT NULL,
  `specificat_id` int(10) UNSIGNED NOT NULL DEFAULT '0',
  `option_value_text` varchar(255) DEFAULT NULL,
  `option_value_numeric` float DEFAULT NULL,
  `option_value_timestamp` int(17) UNSIGNED DEFAULT NULL
) ENGINE=InnoDB DEFAULT CHARSET=utf8;

--
-- Дамп данных таблицы `options_of_specification`
--

INSERT INTO `options_of_specification` (`option_id`, `specificat_id`, `option_value_text`, `option_value_numeric`, `option_value_timestamp`) VALUES
(138, 9, 'Черный', NULL, NULL),
(139, 9, 'Серый', NULL, NULL),
(140, 9, 'Белый', NULL, NULL),
(141, 9, 'Серебро', NULL, NULL),
(146, 10, 'Intel Pentium', NULL, NULL),
(147, 10, 'Intel i3', NULL, NULL),
(148, 10, 'Intel i5', NULL, NULL),
(149, 10, 'Intel i7', NULL, NULL),
(150, 10, 'AMD', NULL, NULL),
(155, 12, NULL, 250, NULL),
(156, 12, NULL, 500, NULL),
(157, 12, NULL, 1000, NULL),
(158, 12, NULL, 2000, NULL),
(159, 11, NULL, 2, NULL),
(160, 11, NULL, 4, NULL),
(161, 11, NULL, 8, NULL),
(162, 11, NULL, 16, NULL),
(163, 13, 'USB 2.0', NULL, NULL),
(164, 13, 'USB 3.0', NULL, NULL),
(165, 13, 'Microfone In', NULL, NULL),
(166, 13, 'Line In', NULL, NULL),
(167, 13, 'Headphone Out', NULL, NULL),
(168, 13, 'HDMI', NULL, NULL),
(169, 13, 'LAN (RJ-45)', NULL, NULL),
(170, 13, 'кардридер', NULL, NULL),
(171, 14, 'Windows', NULL, NULL),
(172, 14, 'Linux', NULL, NULL),
(173, 14, 'Mac OS', NULL, NULL),
(174, 14, 'Без ОС', NULL, NULL),
(175, 15, 'Ноутбук', NULL, NULL),
(176, 15, 'Адаптер питания', NULL, NULL),
(177, 15, 'Документация', NULL, NULL),
(178, 15, 'Гарантийный талон', NULL, NULL),
(179, 15, 'Сумка', NULL, NULL),
(180, 16, NULL, 12, NULL),
(181, 16, NULL, 13, NULL),
(182, 16, NULL, 14, NULL),
(183, 16, NULL, 15, NULL),
(184, 16, NULL, 17, NULL),
(185, 16, NULL, 19, NULL);

-- --------------------------------------------------------

--
-- Структура таблицы `orders`
--

CREATE TABLE `orders` (
  `order_id` int(10) UNSIGNED NOT NULL,
  `user_id` int(11) NOT NULL,
  `product_id` int(11) NOT NULL,
  `product_count` int(11) NOT NULL,
  `sum_total` int(11) NOT NULL,
  `order_date` int(11) NOT NULL,
  `status` varchar(255) CHARACTER SET utf32 DEFAULT NULL
) ENGINE=InnoDB DEFAULT CHARSET=utf8;

-- --------------------------------------------------------

--
-- Структура таблицы `pages`
--

CREATE TABLE `pages` (
  `id` tinyint(3) UNSIGNED NOT NULL,
  `alias` varchar(100) NOT NULL,
  `title` varchar(100) NOT NULL,
  `content` text,
  `is_published` tinyint(1) UNSIGNED DEFAULT '0'
) ENGINE=InnoDB DEFAULT CHARSET=utf8;

-- --------------------------------------------------------

--
-- Структура таблицы `specifications`
--

CREATE TABLE `specifications` (
  `specification_id` int(10) UNSIGNED NOT NULL,
  `specification_name` varchar(255) DEFAULT NULL,
  `specification_type` varchar(255) DEFAULT NULL
) ENGINE=InnoDB DEFAULT CHARSET=utf8;

--
-- Дамп данных таблицы `specifications`
--

INSERT INTO `specifications` (`specification_id`, `specification_name`, `specification_type`) VALUES
(9, 'Цвет', 'text'),
(10, 'Процессор', 'text'),
(11, 'Оперативная память (ГБ)', 'numeric'),
(12, 'Объём накопителя (ГБ)', 'numeric'),
(13, 'Разъёмы', 'text'),
(14, 'Операционная система', 'text'),
(15, 'Комплект поставки', 'text'),
(16, 'Диагональ экрана (дюймы)', 'numeric');

-- --------------------------------------------------------

--
-- Структура таблицы `specifications_of_category`
--

CREATE TABLE `specifications_of_category` (
  `id_of_specification` int(10) UNSIGNED NOT NULL,
  `id_of_category` int(10) UNSIGNED NOT NULL
) ENGINE=InnoDB DEFAULT CHARSET=utf8;

--
-- Дамп данных таблицы `specifications_of_category`
--

INSERT INTO `specifications_of_category` (`id_of_specification`, `id_of_category`) VALUES
(16, 63),
(15, 63),
(12, 63),
(11, 63),
(14, 63),
(10, 63),
(13, 63),
(9, 63),
(16, 64),
(14, 64),
(10, 64),
(13, 64),
(9, 64),
(16, 65),
(15, 65),
(12, 65),
(14, 65),
(13, 65),
(9, 65),
(15, 66),
(11, 66),
(10, 66),
(9, 66),
(12, 67),
(11, 67),
(14, 67),
(10, 67),
(12, 68),
(11, 68),
(13, 68),
(9, 68),
(16, 69),
(12, 69),
(11, 69),
(13, 69),
(16, 70),
(15, 70),
(14, 70),
(10, 70),
(16, 71),
(12, 71),
(11, 71),
(14, 71),
(13, 71),
(9, 71),
(16, 72),
(12, 72),
(14, 72),
(9, 72),
(12, 73),
(10, 73),
(13, 73),
(15, 74),
(12, 74),
(14, 74),
(10, 74),
(13, 74),
(16, 75),
(15, 75),
(12, 75),
(14, 75),
(13, 75),
(9, 75),
(16, 75),
(12, 75),
(11, 75),
(10, 75),
(9, 75),
(11, 76),
(14, 76),
(10, 76),
(13, 76),
(9, 76),
(16, 77),
(11, 77),
(13, 77),
(9, 77),
(14, 78),
(10, 78),
(13, 78),
(9, 78),
(16, 79),
(15, 79),
(14, 79),
(10, 79),
(16, 80),
(15, 80),
(12, 80),
(14, 80),
(10, 80);

-- --------------------------------------------------------

--
-- Структура таблицы `tags`
--

CREATE TABLE `tags` (
  `id_article` int(10) UNSIGNED NOT NULL,
  `tag` varchar(255) NOT NULL
) ENGINE=InnoDB DEFAULT CHARSET=utf8;

-- --------------------------------------------------------

--
-- Структура таблицы `top_menu`
--

CREATE TABLE `top_menu` (
  `id` int(10) UNSIGNED NOT NULL,
  `text` varchar(255) NOT NULL,
  `parent_id` int(10) UNSIGNED NOT NULL,
  `uri` varchar(255) NOT NULL
) ENGINE=InnoDB DEFAULT CHARSET=utf8;

-- --------------------------------------------------------

--
-- Структура таблицы `users`
--

CREATE TABLE `users` (
  `id` smallint(3) UNSIGNED NOT NULL,
  `login` varchar(45) NOT NULL,
  `email` varchar(100) NOT NULL,
  `role` varchar(45) NOT NULL DEFAULT 'admin',
  `password` char(32) NOT NULL,
  `is_active` tinyint(1) UNSIGNED DEFAULT '1'
) ENGINE=InnoDB DEFAULT CHARSET=utf8;

--
-- Дамп данных таблицы `users`
--

INSERT INTO `users` (`id`, `login`, `email`, `role`, `password`, `is_active`) VALUES
(1, 'admin', 'a@a.a', 'admin', '44ca5fa5c67e434b9e779c5febc46f06', 1),
(2, '11111', 'a@a.a', 'user', '1854830800a115a705b59715555c11b6', 1),
(43, 'user_0', 'vestibulum@mollis.com', 'user', '1165d5246a52749f4232687d5ad8ce7d', 1),
(44, 'user_1', 'faucibus@metus.com', 'user', 'da2b3cfff2112066e468ef3aa2e8d0e6', 1),
(45, 'user_2', 'ultrices@quisque.com', 'user', '92e6d6c2ccb6643900278376720f6a95', 1),
(46, 'user_3', 'ipsum@adipiscing.com', 'user', 'cf14b588299d97fda2b550d490f304a4', 1),
(47, 'user_4', 'mollis@ultrices.com', 'user', '1ab112b99605dd4da99a7862e1a199a7', 1),
(48, 'user_5', 'accumsan@ipsum.com', 'user', '0a2a5904cfddba5f80e4e8211e5c7f03', 1),
(49, 'user_6', 'egestas@morbi.com', 'user', '902f7a5c113d4212e9a5364e196961fd', 1),
(50, 'user_7', 'maecenas@vestibulum.com', 'user', 'bfed440ffa8409c86e22aae62ded9db4', 1),
(51, 'user_8', 'faucibus@laoreet.com', 'user', '402e467e359eb8c79ec6abed4bce2be4', 1),
(52, 'user_9', 'dolor@ipsum.com', 'user', '198eaf01e4b766fd574522bc62161bbc', 1);

--
-- Индексы сохранённых таблиц
--

--
-- Индексы таблицы `articles`
--
ALTER TABLE `articles`
  ADD PRIMARY KEY (`id`) USING BTREE;

--
-- Индексы таблицы `banners`
--
ALTER TABLE `banners`
  ADD PRIMARY KEY (`id`);

--
-- Индексы таблицы `categories`
--
ALTER TABLE `categories`
  ADD PRIMARY KEY (`id`);

--
-- Индексы таблицы `categories_of_article`
--
ALTER TABLE `categories_of_article`
  ADD KEY `id_article` (`id_article`),
  ADD KEY `id_category` (`id_category`);

--
-- Индексы таблицы `comments`
--
ALTER TABLE `comments`
  ADD PRIMARY KEY (`id_comment`),
  ADD KEY `id_article` (`id_article`);

--
-- Индексы таблицы `dislikes`
--
ALTER TABLE `dislikes`
  ADD KEY `like_comment` (`dislike_comment`);

--
-- Индексы таблицы `images_of_article`
--
ALTER TABLE `images_of_article`
  ADD PRIMARY KEY (`id`),
  ADD KEY `id_article` (`id_article`);

--
-- Индексы таблицы `likes`
--
ALTER TABLE `likes`
  ADD KEY `like_comment` (`like_comment`);

--
-- Индексы таблицы `messages`
--
ALTER TABLE `messages`
  ADD PRIMARY KEY (`id`);

--
-- Индексы таблицы `options_of_product`
--
ALTER TABLE `options_of_product`
  ADD KEY `id_of_product` (`id_of_product`),
  ADD KEY `id_of_options` (`id_of_option`),
  ADD KEY `id_of_specification` (`id_of_specification`);

--
-- Индексы таблицы `options_of_specification`
--
ALTER TABLE `options_of_specification`
  ADD PRIMARY KEY (`option_id`),
  ADD KEY `specificat_id` (`specificat_id`);

--
-- Индексы таблицы `orders`
--
ALTER TABLE `orders`
  ADD PRIMARY KEY (`order_id`);

--
-- Индексы таблицы `pages`
--
ALTER TABLE `pages`
  ADD PRIMARY KEY (`id`);

--
-- Индексы таблицы `specifications`
--
ALTER TABLE `specifications`
  ADD PRIMARY KEY (`specification_id`);

--
-- Индексы таблицы `specifications_of_category`
--
ALTER TABLE `specifications_of_category`
  ADD KEY `id_of_specification` (`id_of_specification`),
  ADD KEY `id_of_category` (`id_of_category`) USING BTREE;

--
-- Индексы таблицы `tags`
--
ALTER TABLE `tags`
  ADD KEY `id_article` (`id_article`);

--
-- Индексы таблицы `top_menu`
--
ALTER TABLE `top_menu`
  ADD PRIMARY KEY (`id`);

--
-- Индексы таблицы `users`
--
ALTER TABLE `users`
  ADD PRIMARY KEY (`id`);

--
-- AUTO_INCREMENT для сохранённых таблиц
--

--
-- AUTO_INCREMENT для таблицы `articles`
--
ALTER TABLE `articles`
  MODIFY `id` int(10) UNSIGNED NOT NULL AUTO_INCREMENT, AUTO_INCREMENT=742;
--
-- AUTO_INCREMENT для таблицы `banners`
--
ALTER TABLE `banners`
  MODIFY `id` int(10) UNSIGNED NOT NULL AUTO_INCREMENT;
--
-- AUTO_INCREMENT для таблицы `categories`
--
ALTER TABLE `categories`
  MODIFY `id` int(10) UNSIGNED NOT NULL AUTO_INCREMENT, AUTO_INCREMENT=81;
--
-- AUTO_INCREMENT для таблицы `comments`
--
ALTER TABLE `comments`
  MODIFY `id_comment` int(10) UNSIGNED NOT NULL AUTO_INCREMENT, AUTO_INCREMENT=8101;
--
-- AUTO_INCREMENT для таблицы `images_of_article`
--
ALTER TABLE `images_of_article`
  MODIFY `id` int(10) UNSIGNED NOT NULL AUTO_INCREMENT, AUTO_INCREMENT=1724;
--
-- AUTO_INCREMENT для таблицы `messages`
--
ALTER TABLE `messages`
  MODIFY `id` tinyint(3) UNSIGNED NOT NULL AUTO_INCREMENT;
--
-- AUTO_INCREMENT для таблицы `options_of_specification`
--
ALTER TABLE `options_of_specification`
  MODIFY `option_id` int(10) UNSIGNED NOT NULL AUTO_INCREMENT, AUTO_INCREMENT=186;
--
-- AUTO_INCREMENT для таблицы `orders`
--
ALTER TABLE `orders`
  MODIFY `order_id` int(10) UNSIGNED NOT NULL AUTO_INCREMENT;
--
-- AUTO_INCREMENT для таблицы `pages`
--
ALTER TABLE `pages`
  MODIFY `id` tinyint(3) UNSIGNED NOT NULL AUTO_INCREMENT;
--
-- AUTO_INCREMENT для таблицы `specifications`
--
ALTER TABLE `specifications`
  MODIFY `specification_id` int(10) UNSIGNED NOT NULL AUTO_INCREMENT, AUTO_INCREMENT=17;
--
-- AUTO_INCREMENT для таблицы `top_menu`
--
ALTER TABLE `top_menu`
  MODIFY `id` int(10) UNSIGNED NOT NULL AUTO_INCREMENT;
--
-- AUTO_INCREMENT для таблицы `users`
--
ALTER TABLE `users`
  MODIFY `id` smallint(3) UNSIGNED NOT NULL AUTO_INCREMENT, AUTO_INCREMENT=53;
--
-- Ограничения внешнего ключа сохраненных таблиц
--

--
-- Ограничения внешнего ключа таблицы `categories_of_article`
--
ALTER TABLE `categories_of_article`
  ADD CONSTRAINT `categories_of_article_ibfk_1` FOREIGN KEY (`id_article`) REFERENCES `articles` (`id`) ON DELETE CASCADE ON UPDATE CASCADE,
  ADD CONSTRAINT `categories_of_article_ibfk_2` FOREIGN KEY (`id_category`) REFERENCES `categories` (`id`) ON DELETE CASCADE ON UPDATE CASCADE;

--
-- Ограничения внешнего ключа таблицы `comments`
--
ALTER TABLE `comments`
  ADD CONSTRAINT `comments_ibfk_1` FOREIGN KEY (`id_article`) REFERENCES `articles` (`id`) ON DELETE CASCADE ON UPDATE CASCADE;

--
-- Ограничения внешнего ключа таблицы `dislikes`
--
ALTER TABLE `dislikes`
  ADD CONSTRAINT `dislikes_ibfk_1` FOREIGN KEY (`dislike_comment`) REFERENCES `comments` (`id_comment`) ON DELETE CASCADE ON UPDATE CASCADE;

--
-- Ограничения внешнего ключа таблицы `images_of_article`
--
ALTER TABLE `images_of_article`
  ADD CONSTRAINT `images_of_article_ibfk_1` FOREIGN KEY (`id_article`) REFERENCES `articles` (`id`) ON DELETE CASCADE ON UPDATE CASCADE;

--
-- Ограничения внешнего ключа таблицы `likes`
--
ALTER TABLE `likes`
  ADD CONSTRAINT `likes_ibfk_1` FOREIGN KEY (`like_comment`) REFERENCES `comments` (`id_comment`) ON DELETE CASCADE ON UPDATE CASCADE;

--
-- Ограничения внешнего ключа таблицы `options_of_product`
--
ALTER TABLE `options_of_product`
  ADD CONSTRAINT `options_of_product_ibfk_1` FOREIGN KEY (`id_of_product`) REFERENCES `articles` (`id`) ON DELETE CASCADE ON UPDATE CASCADE,
  ADD CONSTRAINT `options_of_product_ibfk_3` FOREIGN KEY (`id_of_specification`) REFERENCES `specifications` (`specification_id`) ON DELETE CASCADE ON UPDATE CASCADE;

--
-- Ограничения внешнего ключа таблицы `options_of_specification`
--
ALTER TABLE `options_of_specification`
  ADD CONSTRAINT `options_of_specification_ibfk_1` FOREIGN KEY (`specificat_id`) REFERENCES `specifications` (`specification_id`) ON DELETE CASCADE ON UPDATE CASCADE;

--
-- Ограничения внешнего ключа таблицы `specifications_of_category`
--
ALTER TABLE `specifications_of_category`
  ADD CONSTRAINT `specifications_of_category_ibfk_3` FOREIGN KEY (`id_of_category`) REFERENCES `categories` (`id`) ON DELETE CASCADE ON UPDATE CASCADE,
  ADD CONSTRAINT `specifications_of_category_ibfk_4` FOREIGN KEY (`id_of_specification`) REFERENCES `specifications` (`specification_id`) ON DELETE CASCADE ON UPDATE CASCADE;

--
-- Ограничения внешнего ключа таблицы `tags`
--
ALTER TABLE `tags`
  ADD CONSTRAINT `tags_ibfk_1` FOREIGN KEY (`id_article`) REFERENCES `articles` (`id`) ON DELETE CASCADE ON UPDATE CASCADE;

/*!40101 SET CHARACTER_SET_CLIENT=@OLD_CHARACTER_SET_CLIENT */;
/*!40101 SET CHARACTER_SET_RESULTS=@OLD_CHARACTER_SET_RESULTS */;
/*!40101 SET COLLATION_CONNECTION=@OLD_COLLATION_CONNECTION */;
